city_state,population,composite_multiplier,roofing_multiplier,hvac_multiplier,plumbing_multiplier,electrical_multiplier,painting_multiplier,concrete_multiplier,siding_multiplier,insulation_multiplier,fencing_multiplier,landscaping_multiplier,foundation_multiplier,windows_multiplier,garage-doors_multiplier,solar_multiplier,kitchen_multiplier,gutters_multiplier,moving_multiplier
"Auburn, AL",58582,0.836,0.846,0.874,0.867,0.874,0.963,0.850,0.899,0.850,0.892,0.850,0.850,0.899,0.889,0.869,0.912,0.843,0.860
"Birmingham, AL",212113,0.929,0.915,0.894,0.936,0.908,0.937,0.912,0.949,0.930,0.934,0.880,0.909,0.944,0.929,0.902,0.949,0.871,0.906
"Decatur, AL",55816,0.885,0.922,0.936,0.941,0.972,0.898,0.883,0.944,0.898,0.937,0.898,0.884,0.944,0.951,0.957,0.966,0.875,0.924
"Dothan, AL",68001,0.816,0.825,0.864,0.860,0.848,0.968,0.823,0.838,0.825,0.836,0.825,0.823,0.838,0.841,0.844,0.881,0.825,0.844
"Florence, AL",40059,0.866,0.859,0.883,0.940,0.926,0.954,0.858,0.920,0.858,0.910,0.858,0.858,0.920,0.919,0.912,0.954,0.859,0.894
"Hoover, AL",84126,0.929,0.915,0.894,0.936,0.908,0.937,0.912,0.949,0.930,0.934,0.880,0.909,0.944,0.929,0.902,0.949,0.871,0.906
"Huntsville, AL",186254,0.932,0.892,0.912,0.904,0.929,1.036,0.898,0.927,0.914,0.922,0.894,0.898,0.927,0.926,0.922,0.955,0.891,0.918
"Madison, AL",45799,0.873,0.915,0.894,0.936,0.908,0.937,0.912,0.949,0.930,0.934,0.880,0.909,0.944,0.929,0.902,0.949,0.871,0.906
"Mobile, AL",194899,0.924,0.893,0.893,0.952,0.959,0.929,0.898,0.920,0.896,0.910,0.858,0.895,0.919,0.929,0.939,0.961,0.851,0.869
"Montgomery, AL",201332,0.896,0.897,0.889,0.884,0.876,0.926,0.856,0.911,0.867,0.905,0.867,0.856,0.911,0.898,0.874,0.910,0.855,0.874
"Phenix City, AL",37498,0.873,0.915,0.894,0.936,0.908,0.937,0.912,0.949,0.930,0.934,0.880,0.909,0.944,0.929,0.902,0.949,0.871,0.906
"Tuscaloosa, AL",95334,0.927,0.904,0.911,0.922,0.945,0.946,0.896,0.927,0.910,0.910,0.857,0.893,0.919,0.925,0.928,0.952,0.866,0.869
"Anchorage, AK",300950,1.249,1.207,1.319,1.237,1.181,1.229,1.391,1.207,1.264,1.168,1.200,1.377,1.162,1.170,1.185,1.195,1.237,1.169
"Apache Junction, AZ",37130,0.926,0.957,0.962,0.997,0.967,0.986,1.035,1.010,0.975,1.024,0.990,1.032,1.030,1.008,0.972,1.004,0.950,0.991
"Avondale, AZ",78822,0.985,0.957,0.962,0.997,0.967,0.986,1.035,1.010,0.975,1.024,0.990,1.032,1.030,1.008,0.972,1.004,0.950,0.991
"Buckeye, AZ",56683,0.926,0.957,0.962,0.997,0.967,0.986,1.035,1.010,0.975,1.024,0.990,1.032,1.030,1.008,0.972,1.004,0.950,0.991
"Bullhead City, AZ",39383,0.931,0.963,0.967,1.002,0.972,0.991,1.040,1.015,0.980,1.030,0.996,1.037,1.036,1.013,0.977,1.009,0.955,0.996
"Casa Grande, AZ",50111,0.926,0.957,0.962,0.997,0.967,0.986,1.035,1.010,0.975,1.024,0.990,1.032,1.030,1.008,0.972,1.004,0.950,0.991
"Chandler, AZ",249146,0.985,0.957,0.962,0.997,0.967,0.986,1.035,1.010,0.975,1.024,0.990,1.032,1.030,1.008,0.972,1.004,0.950,0.991
"Flagstaff, AZ",68667,0.891,0.967,0.940,0.917,0.969,0.973,0.967,0.957,0.967,0.959,0.967,0.967,0.957,0.962,0.969,0.949,0.967,0.966
"Gilbert, AZ",229972,0.985,0.957,0.962,0.997,0.967,0.986,1.035,1.010,0.975,1.024,0.990,1.032,1.030,1.008,0.972,1.004,0.950,0.991
"Glendale, AZ",234632,0.985,0.957,0.962,0.997,0.967,0.986,1.035,1.010,0.975,1.024,0.990,1.032,1.030,1.008,0.972,1.004,0.950,0.991
"Goodyear, AZ",72864,0.926,0.957,0.962,0.997,0.967,0.986,1.035,1.010,0.975,1.024,0.990,1.032,1.030,1.008,0.972,1.004,0.950,0.991
"Lake Havasu City, AZ",52844,0.931,0.963,0.967,1.002,0.972,0.991,1.040,1.015,0.980,1.030,0.996,1.037,1.036,1.013,0.977,1.009,0.955,0.996
"Marana, AZ",38290,0.878,0.917,0.899,0.960,0.942,0.962,0.962,0.929,0.925,0.940,0.951,0.961,0.938,0.940,0.944,0.947,0.899,0.952
"Maricopa, AZ",45508,0.926,0.957,0.962,0.997,0.967,0.986,1.035,1.010,0.975,1.024,0.990,1.032,1.030,1.008,0.972,1.004,0.950,0.991
"Mesa, AZ",457587,0.985,0.957,0.962,0.997,0.967,0.986,1.035,1.010,0.975,1.024,0.990,1.032,1.030,1.008,0.972,1.004,0.950,0.991
"Oro Valley, AZ",41627,0.878,0.917,0.899,0.960,0.942,0.962,0.962,0.929,0.925,0.940,0.951,0.961,0.938,0.940,0.944,0.947,0.899,0.952
"Peoria, AZ",162592,0.985,0.957,0.962,0.997,0.967,0.986,1.035,1.010,0.975,1.024,0.990,1.032,1.030,1.008,0.972,1.004,0.950,0.991
"Phoenix, AZ",1513367,0.985,0.957,0.962,0.997,0.967,0.986,1.035,1.010,0.975,1.024,0.990,1.032,1.030,1.008,0.972,1.004,0.950,0.991
"Prescott, AZ",40590,0.899,0.955,0.918,0.929,0.983,0.975,0.998,0.981,0.989,0.974,0.976,0.996,0.974,0.977,0.982,0.962,0.976,0.968
"Prescott Valley, AZ",39791,0.899,0.955,0.918,0.929,0.983,0.975,0.998,0.981,0.989,0.974,0.976,0.996,0.974,0.977,0.982,0.962,0.976,0.968
"Scottsdale, AZ",226918,0.985,0.957,0.962,0.997,0.967,0.986,1.035,1.010,0.975,1.024,0.990,1.032,1.030,1.008,0.972,1.004,0.950,0.991
"Sierra Vista, AZ",45129,0.859,0.940,0.922,0.888,0.932,0.969,0.946,0.889,0.899,0.913,0.967,0.947,0.903,0.916,0.939,0.902,0.967,0.938
"Surprise, AZ",123546,0.985,0.957,0.962,0.997,0.967,0.986,1.035,1.010,0.975,1.024,0.990,1.032,1.030,1.008,0.972,1.004,0.950,0.991
"Tempe, AZ",168228,0.985,0.957,0.962,0.997,0.967,0.986,1.035,1.010,0.975,1.024,0.990,1.032,1.030,1.008,0.972,1.004,0.950,0.991
"Tucson, AZ",526116,0.934,0.917,0.899,0.960,0.942,0.962,0.962,0.929,0.925,0.940,0.951,0.961,0.938,0.940,0.944,0.947,0.899,0.952
"Yuma, AZ",91923,0.909,0.858,0.887,0.875,0.935,0.931,0.927,0.931,0.950,0.911,0.909,0.926,0.912,0.919,0.930,0.912,0.825,0.907
"Bentonville, AR",40167,0.844,0.907,0.869,0.893,0.881,0.877,0.920,0.913,0.905,0.915,0.904,0.919,0.917,0.904,0.886,0.894,0.863,0.924
"Conway, AR",63816,0.819,0.845,0.852,0.874,0.859,0.858,0.889,0.904,0.885,0.898,0.860,0.887,0.905,0.888,0.859,0.885,0.844,0.879
"Fayetteville, AR",78960,0.898,0.907,0.869,0.893,0.881,0.877,0.920,0.913,0.905,0.915,0.904,0.919,0.917,0.904,0.886,0.894,0.863,0.924
"Fort Smith, AR",87650,0.860,0.867,0.857,0.865,0.860,0.881,0.838,0.830,0.844,0.832,0.844,0.839,0.830,0.840,0.856,0.857,0.844,0.856
"Jonesboro, AR",71551,0.811,0.843,0.848,0.851,0.873,0.870,0.896,0.872,0.870,0.872,0.870,0.894,0.872,0.872,0.872,0.865,0.825,0.866
"Little Rock, AR",197357,0.871,0.845,0.852,0.874,0.859,0.858,0.889,0.904,0.885,0.898,0.860,0.887,0.905,0.888,0.859,0.885,0.844,0.879
"North Little Rock, AR",66075,0.819,0.845,0.852,0.874,0.859,0.858,0.889,0.904,0.885,0.898,0.860,0.887,0.905,0.888,0.859,0.885,0.844,0.879
"Pine Bluff, AR",46094,0.844,0.907,0.869,0.893,0.881,0.877,0.920,0.913,0.905,0.915,0.904,0.919,0.917,0.904,0.886,0.894,0.863,0.924
"Rogers, AR",60112,0.844,0.907,0.869,0.893,0.881,0.877,0.920,0.913,0.905,0.915,0.904,0.919,0.917,0.904,0.886,0.894,0.863,0.924
"Springdale, AR",75229,0.898,0.907,0.869,0.893,0.881,0.877,0.920,0.913,0.905,0.915,0.904,0.919,0.917,0.904,0.886,0.894,0.863,0.924
"Anaheim, CA",345012,1.159,1.193,1.134,1.101,1.165,1.166,1.179,1.220,1.187,1.229,1.193,1.180,1.236,1.211,1.170,1.172,1.204,1.158
"Bakersfield, CA",363630,1.136,1.165,1.115,1.136,1.151,1.138,1.141,1.166,1.157,1.175,1.178,1.144,1.175,1.167,1.156,1.147,1.183,1.134
"Chula Vista, CA",256780,1.170,1.196,1.179,1.111,1.165,1.099,1.188,1.243,1.228,1.230,1.188,1.188,1.238,1.212,1.170,1.162,1.207,1.154
"Corona, CA",159503,1.099,1.148,1.089,1.049,1.123,1.053,1.124,1.136,1.135,1.144,1.154,1.126,1.142,1.136,1.129,1.084,1.147,1.135
"Elk Grove, CA",161007,1.154,1.190,1.123,1.087,1.157,1.165,1.147,1.237,1.193,1.248,1.197,1.151,1.257,1.222,1.165,1.174,1.193,1.170
"Escondido, CA",148738,1.170,1.196,1.179,1.111,1.165,1.099,1.188,1.243,1.228,1.230,1.188,1.188,1.238,1.212,1.170,1.162,1.207,1.154
"Fontana, CA",203003,1.099,1.148,1.089,1.049,1.123,1.053,1.124,1.136,1.135,1.144,1.154,1.126,1.142,1.136,1.129,1.084,1.147,1.135
"Fremont, CA",224922,1.289,1.356,1.282,1.201,1.337,1.255,1.333,1.358,1.382,1.360,1.400,1.338,1.353,1.350,1.350,1.265,1.401,1.342
"Fresno, CA",509924,1.094,1.159,1.088,1.063,1.094,1.058,1.114,1.123,1.143,1.120,1.148,1.116,1.115,1.110,1.105,1.070,1.170,1.106
"Garden Grove, CA",175140,1.159,1.193,1.134,1.101,1.165,1.166,1.179,1.220,1.187,1.229,1.193,1.180,1.236,1.211,1.170,1.172,1.204,1.158
"Glendale, CA",196021,1.159,1.193,1.134,1.101,1.165,1.166,1.179,1.220,1.187,1.229,1.193,1.180,1.236,1.211,1.170,1.172,1.204,1.158
"Hayward, CA",151574,1.289,1.356,1.282,1.201,1.337,1.255,1.333,1.358,1.382,1.360,1.400,1.338,1.353,1.350,1.350,1.265,1.401,1.342
"Huntington Beach, CA",197575,1.159,1.193,1.134,1.101,1.165,1.166,1.179,1.220,1.187,1.229,1.193,1.180,1.236,1.211,1.170,1.172,1.204,1.158
"Irvine, CA",236716,1.159,1.193,1.134,1.101,1.165,1.166,1.179,1.220,1.187,1.229,1.193,1.180,1.236,1.211,1.170,1.172,1.204,1.158
"Lancaster, CA",159523,1.159,1.193,1.134,1.101,1.165,1.166,1.179,1.220,1.187,1.229,1.193,1.180,1.236,1.211,1.170,1.172,1.204,1.158
"Long Beach, CA",469428,1.159,1.193,1.134,1.101,1.165,1.166,1.179,1.220,1.187,1.229,1.193,1.180,1.236,1.211,1.170,1.172,1.204,1.158
"Los Angeles, CA",3884307,1.159,1.193,1.134,1.101,1.165,1.166,1.179,1.220,1.187,1.229,1.193,1.180,1.236,1.211,1.170,1.172,1.204,1.158
"Modesto, CA",204933,1.131,1.174,1.119,1.064,1.150,1.083,1.188,1.164,1.175,1.160,1.172,1.187,1.158,1.156,1.155,1.106,1.189,1.172
"Moreno Valley, CA",201175,1.099,1.148,1.089,1.049,1.123,1.053,1.124,1.136,1.135,1.144,1.154,1.126,1.142,1.136,1.129,1.084,1.147,1.135
"Oakland, CA",406253,1.289,1.356,1.282,1.201,1.337,1.255,1.333,1.358,1.382,1.360,1.400,1.338,1.353,1.350,1.350,1.265,1.401,1.342
"Oceanside, CA",172794,1.170,1.196,1.179,1.111,1.165,1.099,1.188,1.243,1.228,1.230,1.188,1.188,1.238,1.212,1.170,1.162,1.207,1.154
"Ontario, CA",167500,1.099,1.148,1.089,1.049,1.123,1.053,1.124,1.136,1.135,1.144,1.154,1.126,1.142,1.136,1.129,1.084,1.147,1.135
"Orange, CA",139969,1.159,1.193,1.134,1.101,1.165,1.166,1.179,1.220,1.187,1.229,1.193,1.180,1.236,1.211,1.170,1.172,1.204,1.158
"Oxnard, CA",203007,1.116,1.149,1.056,1.064,1.124,1.076,1.192,1.186,1.167,1.186,1.157,1.189,1.191,1.168,1.131,1.117,1.086,1.129
"Palmdale, CA",157161,1.159,1.193,1.134,1.101,1.165,1.166,1.179,1.220,1.187,1.229,1.193,1.180,1.236,1.211,1.170,1.172,1.204,1.158
"Pomona, CA",151348,1.159,1.193,1.134,1.101,1.165,1.166,1.179,1.220,1.187,1.229,1.193,1.180,1.236,1.211,1.170,1.172,1.204,1.158
"Rancho Cucamonga, CA",171386,1.099,1.148,1.089,1.049,1.123,1.053,1.124,1.136,1.135,1.144,1.154,1.126,1.142,1.136,1.129,1.084,1.147,1.135
"Riverside, CA",316619,1.099,1.148,1.089,1.049,1.123,1.053,1.124,1.136,1.135,1.144,1.154,1.126,1.142,1.136,1.129,1.084,1.147,1.135
"Sacramento, CA",479686,1.154,1.190,1.123,1.087,1.157,1.165,1.147,1.237,1.193,1.248,1.197,1.151,1.257,1.222,1.165,1.174,1.193,1.170
"Salinas, CA",155662,1.162,1.208,1.175,1.084,1.167,1.143,1.187,1.215,1.179,1.216,1.160,1.185,1.226,1.203,1.165,1.167,1.305,1.125
"San Bernardino, CA",213708,1.099,1.148,1.089,1.049,1.123,1.053,1.124,1.136,1.135,1.144,1.154,1.126,1.142,1.136,1.129,1.084,1.147,1.135
"San Diego, CA",1355896,1.170,1.196,1.179,1.111,1.165,1.099,1.188,1.243,1.228,1.230,1.188,1.188,1.238,1.212,1.170,1.162,1.207,1.154
"San Francisco, CA",837442,1.289,1.356,1.282,1.201,1.337,1.255,1.333,1.358,1.382,1.360,1.400,1.338,1.353,1.350,1.350,1.265,1.401,1.342
"San Jose, CA",998537,1.308,1.365,1.353,1.304,1.323,1.204,1.294,1.326,1.360,1.307,1.333,1.297,1.302,1.311,1.325,1.277,1.469,1.293
"Santa Ana, CA",334227,1.159,1.193,1.134,1.101,1.165,1.166,1.179,1.220,1.187,1.229,1.193,1.180,1.236,1.211,1.170,1.172,1.204,1.158
"Santa Clarita, CA",179590,1.159,1.193,1.134,1.101,1.165,1.166,1.179,1.220,1.187,1.229,1.193,1.180,1.236,1.211,1.170,1.172,1.204,1.158
"Santa Rosa, CA",171990,1.190,1.211,1.168,1.111,1.193,1.161,1.157,1.325,1.325,1.289,1.234,1.162,1.299,1.261,1.201,1.199,1.216,1.194
"Stockton, CA",298118,1.115,1.155,1.123,1.055,1.136,1.056,1.093,1.140,1.145,1.126,1.113,1.095,1.129,1.130,1.131,1.096,1.153,1.126
"Sunnyvale, CA",147559,1.308,1.365,1.353,1.304,1.323,1.204,1.294,1.326,1.360,1.307,1.333,1.297,1.302,1.311,1.325,1.277,1.469,1.293
"Torrance, CA",147478,1.159,1.193,1.134,1.101,1.165,1.166,1.179,1.220,1.187,1.229,1.193,1.180,1.236,1.211,1.170,1.172,1.204,1.158
"Arvada, CO",111707,1.063,1.060,1.044,1.038,1.019,1.077,1.079,1.092,1.087,1.072,1.031,1.076,1.079,1.057,1.021,1.064,1.024,1.042
"Aurora, CO",345803,1.063,1.060,1.044,1.038,1.019,1.077,1.079,1.092,1.087,1.072,1.031,1.076,1.079,1.057,1.021,1.064,1.024,1.042
"Boulder, CO",103166,1.042,1.036,1.024,1.049,0.990,1.040,1.044,1.038,0.990,1.031,0.990,1.040,1.038,1.020,0.990,1.043,0.990,1.033
"Broomfield, CO",59471,0.999,1.060,1.044,1.038,1.019,1.077,1.079,1.092,1.087,1.072,1.031,1.076,1.079,1.057,1.021,1.064,1.024,1.042
"Castle Rock, CO",53063,0.999,1.060,1.044,1.038,1.019,1.077,1.079,1.092,1.087,1.072,1.031,1.076,1.079,1.057,1.021,1.064,1.024,1.042
"Centennial, CO",106114,1.063,1.060,1.044,1.038,1.019,1.077,1.079,1.092,1.087,1.072,1.031,1.076,1.079,1.057,1.021,1.064,1.024,1.042
"Colorado Springs, CO",439886,0.994,0.982,0.965,0.987,0.967,0.999,1.045,1.004,1.011,0.991,0.982,1.040,0.993,0.984,0.970,0.989,0.923,0.990
"Commerce City, CO",49799,0.999,1.060,1.044,1.038,1.019,1.077,1.079,1.092,1.087,1.072,1.031,1.076,1.079,1.057,1.021,1.064,1.024,1.042
"Denver, CO",649495,1.063,1.060,1.044,1.038,1.019,1.077,1.079,1.092,1.087,1.072,1.031,1.076,1.079,1.057,1.021,1.064,1.024,1.042
"Fort Collins, CO",152061,1.006,0.989,0.986,0.987,0.970,1.000,1.046,1.031,1.032,1.013,0.988,1.042,1.018,1.001,0.973,1.000,0.940,1.011
"Grand Junction, CO",59778,0.900,0.957,0.947,0.952,0.940,0.976,0.986,0.933,0.929,0.930,0.920,0.980,0.932,0.934,0.936,0.954,0.928,0.935
"Greeley, CO",96539,0.997,0.969,0.973,0.968,0.979,1.000,1.025,1.024,1.064,0.982,0.982,1.022,0.982,0.981,0.979,0.981,0.923,1.020
"Lakewood, CO",147214,1.063,1.060,1.044,1.038,1.019,1.077,1.079,1.092,1.087,1.072,1.031,1.076,1.079,1.057,1.021,1.064,1.024,1.042
"Littleton, CO",44275,0.999,1.060,1.044,1.038,1.019,1.077,1.079,1.092,1.087,1.072,1.031,1.076,1.079,1.057,1.021,1.064,1.024,1.042
"Longmont, CO",89919,1.063,1.060,1.044,1.038,1.019,1.077,1.079,1.092,1.087,1.072,1.031,1.076,1.079,1.057,1.021,1.064,1.024,1.042
"Loveland, CO",71334,0.946,0.989,0.986,0.987,0.970,1.000,1.046,1.031,1.032,1.013,0.988,1.042,1.018,1.001,0.973,1.000,0.940,1.011
"Northglenn, CO",37499,0.999,1.060,1.044,1.038,1.019,1.077,1.079,1.092,1.087,1.072,1.031,1.076,1.079,1.057,1.021,1.064,1.024,1.042
"Parker, CO",48608,0.999,1.060,1.044,1.038,1.019,1.077,1.079,1.092,1.087,1.072,1.031,1.076,1.079,1.057,1.021,1.064,1.024,1.042
"Pueblo, CO",108249,0.979,0.961,0.974,0.955,0.955,0.961,0.993,0.995,0.907,0.982,0.907,0.987,0.995,0.978,0.946,0.990,0.907,0.941
"Thornton, CO",127359,1.063,1.060,1.044,1.038,1.019,1.077,1.079,1.092,1.087,1.072,1.031,1.076,1.079,1.057,1.021,1.064,1.024,1.042
"Westminster, CO",110945,1.063,1.060,1.044,1.038,1.019,1.077,1.079,1.092,1.087,1.072,1.031,1.076,1.079,1.057,1.021,1.064,1.024,1.042
"Bridgeport, CT",147216,1.135,1.250,1.099,1.061,1.130,1.106,1.086,1.088,1.100,1.090,1.100,1.087,1.088,1.102,1.124,1.092,1.010,1.098
"Bristol, CT",60568,1.052,1.120,1.127,1.101,1.110,1.066,1.038,1.165,1.214,1.087,1.046,1.038,1.095,1.097,1.097,1.109,1.102,1.057
"Danbury, CT",83684,1.135,1.250,1.099,1.061,1.130,1.106,1.086,1.088,1.100,1.090,1.100,1.087,1.088,1.102,1.124,1.092,1.010,1.098
"Hartford, CT",125017,1.119,1.120,1.127,1.101,1.110,1.066,1.038,1.165,1.214,1.087,1.046,1.038,1.095,1.097,1.097,1.109,1.102,1.057
"Meriden, CT",60456,1.033,1.096,1.062,1.113,1.110,1.039,1.069,1.139,1.094,1.132,1.094,1.071,1.139,1.127,1.107,1.114,0.976,1.095
"Middletown, CT",47333,1.052,1.120,1.127,1.101,1.110,1.066,1.038,1.165,1.214,1.087,1.046,1.038,1.095,1.097,1.097,1.109,1.102,1.057
"Milford, CT",51644,1.033,1.096,1.062,1.113,1.110,1.039,1.069,1.139,1.094,1.132,1.094,1.071,1.139,1.127,1.107,1.114,0.976,1.095
"New Britain, CT",72939,1.052,1.120,1.127,1.101,1.110,1.066,1.038,1.165,1.214,1.087,1.046,1.038,1.095,1.097,1.097,1.109,1.102,1.057
"New Haven, CT",130660,1.099,1.096,1.062,1.113,1.110,1.039,1.069,1.139,1.094,1.132,1.094,1.071,1.139,1.127,1.107,1.114,0.976,1.095
"Norwalk, CT",87776,1.135,1.250,1.099,1.061,1.130,1.106,1.086,1.088,1.100,1.090,1.100,1.087,1.088,1.102,1.124,1.092,1.010,1.098
"Norwich, CT",40347,1.036,1.097,1.137,1.043,1.070,1.116,1.058,1.142,1.058,1.129,1.058,1.058,1.142,1.115,1.068,1.111,1.122,1.054
"Shelton, CT",40999,1.001,1.049,1.065,1.048,1.100,1.028,1.057,1.069,1.035,1.064,1.035,1.056,1.069,1.078,1.087,1.072,0.962,1.024
"Stamford, CT",126456,1.135,1.250,1.099,1.061,1.130,1.106,1.086,1.088,1.100,1.090,1.100,1.087,1.088,1.102,1.124,1.092,1.010,1.098
"Waterbury, CT",109676,1.065,1.049,1.065,1.048,1.100,1.028,1.057,1.069,1.035,1.064,1.035,1.056,1.069,1.078,1.087,1.072,0.962,1.024
"West Haven, CT",55046,1.052,1.120,1.127,1.101,1.110,1.066,1.038,1.165,1.214,1.087,1.046,1.038,1.095,1.097,1.097,1.109,1.102,1.057
"Dover, DE",37366,0.911,1.038,0.929,0.970,0.957,0.975,0.945,0.952,0.963,0.952,0.968,0.947,0.949,0.952,0.959,0.958,0.968,0.970
"Wilmington, DE",71525,1.024,1.109,1.084,1.091,1.092,1.085,1.082,1.099,1.109,1.082,1.073,1.082,1.084,1.086,1.089,1.092,1.146,1.057
"Boca Raton, FL",89407,0.984,0.996,0.975,0.981,0.971,1.010,0.976,0.983,0.994,0.980,0.992,0.977,0.978,0.976,0.975,0.980,0.993,0.992
"Boynton Beach, FL",71097,0.925,0.996,0.975,0.981,0.971,1.010,0.976,0.983,0.994,0.980,0.992,0.977,0.978,0.976,0.975,0.980,0.993,0.992
"Cape Coral, FL",165831,0.909,0.925,0.899,0.886,0.887,0.955,0.917,0.897,0.864,0.924,0.911,0.917,0.926,0.912,0.892,0.914,0.906,0.931
"Clearwater, FL",109703,0.928,0.940,0.897,0.911,0.913,0.961,0.930,0.944,0.945,0.939,0.930,0.930,0.940,0.931,0.916,0.932,0.902,0.937
"Coral Springs, FL",126604,0.984,0.996,0.975,0.981,0.971,1.010,0.976,0.983,0.994,0.980,0.992,0.977,0.978,0.976,0.975,0.980,0.993,0.992
"Davie, FL",96830,0.984,0.996,0.975,0.981,0.971,1.010,0.976,0.983,0.994,0.980,0.992,0.977,0.978,0.976,0.975,0.980,0.993,0.992
"Daytona Beach, FL",62316,0.840,0.907,0.880,0.867,0.875,0.888,0.911,0.918,0.917,0.908,0.893,0.909,0.911,0.899,0.879,0.888,0.885,0.891
"Deerfield Beach, FL",78041,0.984,0.996,0.975,0.981,0.971,1.010,0.976,0.983,0.994,0.980,0.992,0.977,0.978,0.976,0.975,0.980,0.993,0.992
"Delray Beach, FL",64072,0.925,0.996,0.975,0.981,0.971,1.010,0.976,0.983,0.994,0.980,0.992,0.977,0.978,0.976,0.975,0.980,0.993,0.992
"Deltona, FL",86290,0.893,0.907,0.880,0.867,0.875,0.888,0.911,0.918,0.917,0.908,0.893,0.909,0.911,0.899,0.879,0.888,0.885,0.891
"Fort Lauderdale, FL",172389,0.984,0.996,0.975,0.981,0.971,1.010,0.976,0.983,0.994,0.980,0.992,0.977,0.978,0.976,0.975,0.980,0.993,0.992
"Fort Myers, FL",68190,0.855,0.925,0.899,0.886,0.887,0.955,0.917,0.897,0.864,0.924,0.911,0.917,0.926,0.912,0.892,0.914,0.906,0.931
"Gainesville, FL",127488,0.898,0.893,0.863,0.894,0.882,0.916,0.900,0.912,0.896,0.910,0.896,0.900,0.912,0.902,0.885,0.904,0.818,0.919
"Hialeah, FL",233394,0.909,0.925,0.899,0.886,0.887,0.955,0.917,0.897,0.864,0.924,0.911,0.917,0.926,0.912,0.892,0.914,0.906,0.931
"Hollywood, FL",146526,0.984,0.996,0.975,0.981,0.971,1.010,0.976,0.983,0.994,0.980,0.992,0.977,0.978,0.976,0.975,0.980,0.993,0.992
"Homestead, FL",64079,0.925,0.996,0.975,0.981,0.971,1.010,0.976,0.983,0.994,0.980,0.992,0.977,0.978,0.976,0.975,0.980,0.993,0.992
"Jacksonville, FL",842583,0.926,0.925,0.902,0.896,0.928,0.962,0.903,0.943,0.948,0.925,0.907,0.904,0.928,0.927,0.923,0.933,0.894,0.927
"Kissimmee, FL",65173,0.868,0.931,0.897,0.909,0.900,0.948,0.919,0.944,0.939,0.940,0.925,0.919,0.943,0.928,0.905,0.927,0.900,0.937
"Lakeland, FL",100710,0.908,0.925,0.888,0.874,0.881,0.954,0.906,0.908,0.897,0.906,0.897,0.905,0.908,0.899,0.884,0.904,0.881,0.917
"Largo, FL",78409,0.928,0.940,0.897,0.911,0.913,0.961,0.930,0.944,0.945,0.939,0.930,0.930,0.940,0.931,0.916,0.932,0.902,0.937
"Lauderhill, FL",69813,0.925,0.996,0.975,0.981,0.971,1.010,0.976,0.983,0.994,0.980,0.992,0.977,0.978,0.976,0.975,0.980,0.993,0.992
"Melbourne, FL",77508,0.926,0.925,0.906,0.916,0.926,0.961,0.921,0.930,0.929,0.926,0.920,0.921,0.928,0.927,0.925,0.933,0.910,0.930
"Miami, FL",417650,0.984,0.996,0.975,0.981,0.971,1.010,0.976,0.983,0.994,0.980,0.992,0.977,0.978,0.976,0.975,0.980,0.993,0.992
"Miami Beach, FL",91026,0.909,0.925,0.899,0.886,0.887,0.955,0.917,0.897,0.864,0.924,0.911,0.917,0.926,0.912,0.892,0.914,0.906,0.931
"Miami Gardens, FL",111378,0.909,0.925,0.899,0.886,0.887,0.955,0.917,0.897,0.864,0.924,0.911,0.917,0.926,0.912,0.892,0.914,0.906,0.931
"Miramar, FL",130288,0.984,0.996,0.975,0.981,0.971,1.010,0.976,0.983,0.994,0.980,0.992,0.977,0.978,0.976,0.975,0.980,0.993,0.992
"Orlando, FL",255483,0.923,0.931,0.897,0.909,0.900,0.948,0.919,0.944,0.939,0.940,0.925,0.919,0.943,0.928,0.905,0.927,0.900,0.937
"Palm Bay, FL",104898,0.926,0.925,0.906,0.916,0.926,0.961,0.921,0.930,0.929,0.926,0.920,0.921,0.928,0.927,0.925,0.933,0.910,0.930
"Palm Coast, FL",78740,0.909,0.925,0.899,0.886,0.887,0.955,0.917,0.897,0.864,0.924,0.911,0.917,0.926,0.912,0.892,0.914,0.906,0.931
"Pembroke Pines, FL",162329,0.984,0.996,0.975,0.981,0.971,1.010,0.976,0.983,0.994,0.980,0.992,0.977,0.978,0.976,0.975,0.980,0.993,0.992
"Plantation, FL",90268,0.984,0.996,0.975,0.981,0.971,1.010,0.976,0.983,0.994,0.980,0.992,0.977,0.978,0.976,0.975,0.980,0.993,0.992
"Pompano Beach, FL",104410,0.984,0.996,0.975,0.981,0.971,1.010,0.976,0.983,0.994,0.980,0.992,0.977,0.978,0.976,0.975,0.980,0.993,0.992
"Port St. Lucie, FL",171016,0.912,0.916,0.897,0.880,0.905,0.950,0.896,0.926,0.923,0.916,0.897,0.896,0.919,0.913,0.903,0.917,0.888,0.904
"St. Petersburg, FL",249688,0.928,0.940,0.897,0.911,0.913,0.961,0.930,0.944,0.945,0.939,0.930,0.930,0.940,0.931,0.916,0.932,0.902,0.937
"Sunrise, FL",90116,0.984,0.996,0.975,0.981,0.971,1.010,0.976,0.983,0.994,0.980,0.992,0.977,0.978,0.976,0.975,0.980,0.993,0.992
"Tallahassee, FL",186411,0.886,0.902,0.871,0.867,0.863,0.906,0.890,0.893,0.875,0.900,0.881,0.889,0.904,0.889,0.867,0.888,0.868,0.888
"Tamarac, FL",63155,0.925,0.996,0.975,0.981,0.971,1.010,0.976,0.983,0.994,0.980,0.992,0.977,0.978,0.976,0.975,0.980,0.993,0.992
"Tampa, FL",352957,0.928,0.940,0.897,0.911,0.913,0.961,0.930,0.944,0.945,0.939,0.930,0.930,0.940,0.931,0.916,0.932,0.902,0.937
"West Palm Beach, FL",102436,0.984,0.996,0.975,0.981,0.971,1.010,0.976,0.983,0.994,0.980,0.992,0.977,0.978,0.976,0.975,0.980,0.993,0.992
"Weston, FL",68388,0.925,0.996,0.975,0.981,0.971,1.010,0.976,0.983,0.994,0.980,0.992,0.977,0.978,0.976,0.975,0.980,0.993,0.992
"Albany, GA",76185,0.910,0.869,0.890,0.868,0.942,1.072,0.829,0.887,0.849,0.881,0.849,0.831,0.887,0.903,0.923,0.951,0.883,0.865
"Alpharetta, GA",62298,0.927,0.967,0.967,0.972,0.980,0.999,0.952,1.003,1.014,0.965,0.925,0.950,0.972,0.973,0.969,0.995,0.918,0.957
"Athens-Clarke County, GA",119980,0.968,0.948,0.948,0.954,0.961,0.980,0.934,0.984,0.995,0.946,0.907,0.931,0.954,0.954,0.950,0.976,0.900,0.938
"Atlanta, GA",447841,0.986,0.967,0.967,0.972,0.980,0.999,0.952,1.003,1.014,0.965,0.925,0.950,0.972,0.973,0.969,0.995,0.918,0.957
"Augusta-Richmond County, GA",197350,0.968,0.948,0.948,0.954,0.961,0.980,0.934,0.984,0.995,0.946,0.907,0.931,0.954,0.954,0.950,0.976,0.900,0.938
"Brookhaven, GA",50603,0.927,0.967,0.967,0.972,0.980,0.999,0.952,1.003,1.014,0.965,0.925,0.950,0.972,0.973,0.969,0.995,0.918,0.957
"Columbus, GA",202824,0.887,0.902,0.874,0.867,0.874,0.905,0.884,0.892,0.873,0.889,0.873,0.884,0.892,0.885,0.874,0.888,0.871,0.877
"Dunwoody, GA",47591,0.927,0.967,0.967,0.972,0.980,0.999,0.952,1.003,1.014,0.965,0.925,0.950,0.972,0.973,0.969,0.995,0.918,0.957
"Johns Creek, GA",82788,0.986,0.967,0.967,0.972,0.980,0.999,0.952,1.003,1.014,0.965,0.925,0.950,0.972,0.973,0.969,0.995,0.918,0.957
"Macon, GA",89981,0.897,0.896,0.895,0.863,0.889,0.919,0.873,0.899,0.873,0.895,0.873,0.873,0.899,0.894,0.886,0.898,0.871,0.896
"Marietta, GA",59089,0.927,0.967,0.967,0.972,0.980,0.999,0.952,1.003,1.014,0.965,0.925,0.950,0.972,0.973,0.969,0.995,0.918,0.957
"Peachtree Corners, GA",40059,0.927,0.967,0.967,0.972,0.980,0.999,0.952,1.003,1.014,0.965,0.925,0.950,0.972,0.973,0.969,0.995,0.918,0.957
"Roswell, GA",94034,0.986,0.967,0.967,0.972,0.980,0.999,0.952,1.003,1.014,0.965,0.925,0.950,0.972,0.973,0.969,0.995,0.918,0.957
"Sandy Springs, GA",99770,0.986,0.967,0.967,0.972,0.980,0.999,0.952,1.003,1.014,0.965,0.925,0.950,0.972,0.973,0.969,0.995,0.918,0.957
"Savannah, GA",142772,0.935,0.928,0.910,0.944,0.933,0.955,0.911,0.924,0.888,0.919,0.888,0.909,0.924,0.925,0.924,0.951,0.893,0.912
"Smyrna, GA",53438,0.927,0.967,0.967,0.972,0.980,0.999,0.952,1.003,1.014,0.965,0.925,0.950,0.972,0.973,0.969,0.995,0.918,0.957
"Valdosta, GA",56481,0.815,0.850,0.857,0.862,0.883,0.879,0.864,0.847,0.864,0.850,0.864,0.864,0.847,0.860,0.879,0.864,0.841,0.890
"Warner Robins, GA",72531,0.908,0.958,0.949,0.943,0.956,1.100,0.897,0.928,0.897,0.923,0.897,0.897,0.928,0.936,0.944,0.989,0.996,0.914
"Honolulu, HI",347884,1.293,1.233,1.197,1.247,1.279,1.296,1.419,1.523,1.557,1.432,1.346,1.413,1.448,1.388,1.293,1.335,1.347,1.271
"Boise City, ID",214237,0.972,0.995,0.998,0.963,0.972,0.984,0.957,0.943,0.959,0.948,0.983,0.959,0.942,0.954,0.974,0.954,1.021,0.983
"Caldwell, ID",48957,0.913,0.995,0.998,0.963,0.972,0.984,0.957,0.943,0.959,0.948,0.983,0.959,0.942,0.954,0.974,0.954,1.021,0.983
"Coeur d'Alene, ID",46402,0.913,0.998,0.954,0.965,0.981,0.995,0.986,0.976,0.968,0.990,0.998,0.987,0.989,0.987,0.984,0.978,0.998,0.987
"Idaho Falls, ID",58292,0.887,0.954,0.914,0.940,0.975,0.954,0.946,0.947,0.954,0.948,0.954,0.946,0.947,0.956,0.971,0.952,0.954,0.960
"Meridian, ID",83596,0.972,0.995,0.998,0.963,0.972,0.984,0.957,0.943,0.959,0.948,0.983,0.959,0.942,0.954,0.974,0.954,1.021,0.983
"Nampa, ID",86518,0.972,0.995,0.998,0.963,0.972,0.984,0.957,0.943,0.959,0.948,0.983,0.959,0.942,0.954,0.974,0.954,1.021,0.983
"Pocatello, ID",54350,0.884,0.963,0.902,0.931,0.942,0.952,0.936,0.936,0.931,0.935,0.931,0.935,0.936,0.938,0.940,0.944,0.931,0.940
"Twin Falls, ID",45981,0.855,0.908,0.887,0.903,0.894,0.952,0.920,0.893,0.867,0.922,0.926,0.921,0.921,0.912,0.900,0.914,0.896,0.975
"Arlington Heights, IL",75994,1.293,1.297,1.273,1.365,1.359,1.240,1.335,1.276,1.269,1.291,1.302,1.333,1.289,1.312,1.348,1.317,1.359,1.250
"Aurora, IL",199963,1.293,1.297,1.273,1.365,1.359,1.240,1.335,1.276,1.269,1.291,1.302,1.333,1.289,1.312,1.348,1.317,1.359,1.250
"Bartlett, IL",41679,1.215,1.297,1.273,1.365,1.359,1.240,1.335,1.276,1.269,1.291,1.302,1.333,1.289,1.312,1.348,1.317,1.359,1.250
"Belleville, IL",42895,1.158,1.236,1.211,1.304,1.298,1.178,1.274,1.215,1.207,1.229,1.241,1.271,1.227,1.251,1.287,1.255,1.298,1.189
"Berwyn, IL",56758,1.215,1.297,1.273,1.365,1.359,1.240,1.335,1.276,1.269,1.291,1.302,1.333,1.289,1.312,1.348,1.317,1.359,1.250
"Bloomington, IL",78902,1.107,1.163,1.045,1.174,1.189,1.001,1.082,1.183,1.163,1.180,1.163,1.088,1.183,1.184,1.184,1.146,1.163,1.101
"Bolingbrook, IL",73936,1.215,1.297,1.273,1.365,1.359,1.240,1.335,1.276,1.269,1.291,1.302,1.333,1.289,1.312,1.348,1.317,1.359,1.250
"Buffalo Grove, IL",41778,1.215,1.297,1.273,1.365,1.359,1.240,1.335,1.276,1.269,1.291,1.302,1.333,1.289,1.312,1.348,1.317,1.359,1.250
"Champaign, IL",83424,1.167,1.116,1.132,1.224,1.212,1.294,1.198,1.100,1.089,1.099,1.089,1.189,1.100,1.136,1.187,1.217,1.209,1.068
"Chicago, IL",2718782,1.293,1.297,1.273,1.365,1.359,1.240,1.335,1.276,1.269,1.291,1.302,1.333,1.289,1.312,1.348,1.317,1.359,1.250
"Cicero, IL",84103,1.293,1.297,1.273,1.365,1.359,1.240,1.335,1.276,1.269,1.291,1.302,1.333,1.289,1.312,1.348,1.317,1.359,1.250
"Decatur, IL",74710,1.053,1.057,1.086,1.107,1.285,0.983,1.060,1.197,1.010,1.168,1.010,1.056,1.197,1.217,1.230,1.202,1.010,1.038
"DeKalb, IL",43849,1.215,1.297,1.273,1.365,1.359,1.240,1.335,1.276,1.269,1.291,1.302,1.333,1.289,1.312,1.348,1.317,1.359,1.250
"Des Plaines, IL",58918,1.215,1.297,1.273,1.365,1.359,1.240,1.335,1.276,1.269,1.291,1.302,1.333,1.289,1.312,1.348,1.317,1.359,1.250
"Downers Grove, IL",49670,1.215,1.297,1.273,1.365,1.359,1.240,1.335,1.276,1.269,1.291,1.302,1.333,1.289,1.312,1.348,1.317,1.359,1.250
"Elgin, IL",110145,1.293,1.297,1.273,1.365,1.359,1.240,1.335,1.276,1.269,1.291,1.302,1.333,1.289,1.312,1.348,1.317,1.359,1.250
"Elmhurst, IL",45556,1.215,1.297,1.273,1.365,1.359,1.240,1.335,1.276,1.269,1.291,1.302,1.333,1.289,1.312,1.348,1.317,1.359,1.250
"Evanston, IL",75570,1.293,1.297,1.273,1.365,1.359,1.240,1.335,1.276,1.269,1.291,1.302,1.333,1.289,1.312,1.348,1.317,1.359,1.250
"Glenview, IL",45417,1.215,1.297,1.273,1.365,1.359,1.240,1.335,1.276,1.269,1.291,1.302,1.333,1.289,1.312,1.348,1.317,1.359,1.250
"Hoffman Estates, IL",52398,1.215,1.297,1.273,1.365,1.359,1.240,1.335,1.276,1.269,1.291,1.302,1.333,1.289,1.312,1.348,1.317,1.359,1.250
"Joliet, IL",147806,1.293,1.297,1.273,1.365,1.359,1.240,1.335,1.276,1.269,1.291,1.302,1.333,1.289,1.312,1.348,1.317,1.359,1.250
"Lombard, IL",43907,1.215,1.297,1.273,1.365,1.359,1.240,1.335,1.276,1.269,1.291,1.302,1.333,1.289,1.312,1.348,1.317,1.359,1.250
"Moline, IL",43116,0.982,1.008,1.053,1.021,1.109,1.059,1.074,1.056,1.078,1.035,1.038,1.071,1.035,1.059,1.095,1.056,1.087,1.031
"Mount Prospect, IL",54771,1.215,1.297,1.273,1.365,1.359,1.240,1.335,1.276,1.269,1.291,1.302,1.333,1.289,1.312,1.348,1.317,1.359,1.250
"Naperville, IL",144864,1.293,1.297,1.273,1.365,1.359,1.240,1.335,1.276,1.269,1.291,1.302,1.333,1.289,1.312,1.348,1.317,1.359,1.250
"Normal, IL",54664,1.215,1.297,1.273,1.365,1.359,1.240,1.335,1.276,1.269,1.291,1.302,1.333,1.289,1.312,1.348,1.317,1.359,1.250
"Oak Lawn, IL",57073,1.215,1.297,1.273,1.365,1.359,1.240,1.335,1.276,1.269,1.291,1.302,1.333,1.289,1.312,1.348,1.317,1.359,1.250
"Oak Park, IL",52066,1.215,1.297,1.273,1.365,1.359,1.240,1.335,1.276,1.269,1.291,1.302,1.333,1.289,1.312,1.348,1.317,1.359,1.250
"Orland Park, IL",58590,1.215,1.297,1.273,1.365,1.359,1.240,1.335,1.276,1.269,1.291,1.302,1.333,1.289,1.312,1.348,1.317,1.359,1.250
"Palatine, IL",69350,1.215,1.297,1.273,1.365,1.359,1.240,1.335,1.276,1.269,1.291,1.302,1.333,1.289,1.312,1.348,1.317,1.359,1.250
"Peoria, IL",116513,1.152,1.135,1.125,1.163,1.200,1.159,1.173,1.222,1.181,1.216,1.181,1.173,1.222,1.213,1.197,1.196,1.211,1.143
"Plainfield, IL",41734,1.215,1.297,1.273,1.365,1.359,1.240,1.335,1.276,1.269,1.291,1.302,1.333,1.289,1.312,1.348,1.317,1.359,1.250
"Rockford, IL",150251,1.137,1.109,1.139,1.126,1.124,1.157,1.143,1.160,1.047,1.143,1.047,1.136,1.160,1.143,1.109,1.173,1.133,1.039
"Schaumburg, IL",74907,1.215,1.297,1.273,1.365,1.359,1.240,1.335,1.276,1.269,1.291,1.302,1.333,1.289,1.312,1.348,1.317,1.359,1.250
"Skokie, IL",65176,1.215,1.297,1.273,1.365,1.359,1.240,1.335,1.276,1.269,1.291,1.302,1.333,1.289,1.312,1.348,1.317,1.359,1.250
"Springfield, IL",117006,1.157,1.238,1.101,1.211,1.159,1.153,1.082,1.177,1.170,1.176,1.170,1.089,1.177,1.171,1.162,1.179,1.188,1.106
"Tinley Park, IL",57282,1.215,1.297,1.273,1.365,1.359,1.240,1.335,1.276,1.269,1.291,1.302,1.333,1.289,1.312,1.348,1.317,1.359,1.250
"Urbana, IL",41752,1.097,1.116,1.132,1.224,1.212,1.294,1.198,1.100,1.089,1.099,1.089,1.189,1.100,1.136,1.187,1.217,1.209,1.068
"Waukegan, IL",88826,1.293,1.297,1.273,1.365,1.359,1.240,1.335,1.276,1.269,1.291,1.302,1.333,1.289,1.312,1.348,1.317,1.359,1.250
"Wheaton, IL",53648,1.215,1.297,1.273,1.365,1.359,1.240,1.335,1.276,1.269,1.291,1.302,1.333,1.289,1.312,1.348,1.317,1.359,1.250
"Anderson, IN",55670,0.969,1.038,1.009,1.010,1.001,1.014,1.061,1.076,1.079,1.053,1.024,1.058,1.059,1.038,1.006,1.028,1.023,1.015
"Bloomington, IN",82575,1.040,1.020,1.002,1.143,1.000,1.015,1.059,1.039,1.009,1.035,1.009,1.055,1.039,1.025,1.002,1.064,1.017,0.995
"Carmel, IN",85927,1.031,1.038,1.009,1.010,1.001,1.014,1.061,1.076,1.079,1.053,1.024,1.058,1.059,1.038,1.006,1.028,1.023,1.015
"Columbus, IN",45775,0.978,0.982,0.963,1.162,1.130,1.053,0.969,1.098,1.054,1.092,1.054,0.975,1.098,1.107,1.115,1.130,1.006,1.033
"Elkhart, IN",51265,0.944,1.050,0.943,0.974,0.896,1.005,1.040,1.074,1.004,1.063,1.004,1.037,1.074,1.013,0.918,0.999,0.957,1.033
"Evansville, IN",120310,1.028,1.052,0.998,0.988,1.092,1.004,1.042,1.030,0.999,1.037,0.998,1.039,1.044,1.057,1.074,1.045,1.020,0.996
"Fishers, IN",83891,1.031,1.038,1.009,1.010,1.001,1.014,1.061,1.076,1.079,1.053,1.024,1.058,1.059,1.038,1.006,1.028,1.023,1.015
"Fort Wayne, IN",256496,1.012,0.973,0.949,1.118,1.014,0.986,1.008,1.024,0.994,1.020,0.994,1.007,1.024,1.020,1.010,1.051,0.917,0.998
"Gary, IN",78450,1.293,1.297,1.273,1.365,1.359,1.240,1.335,1.276,1.269,1.291,1.302,1.333,1.289,1.312,1.348,1.317,1.359,1.250
"Greenwood, IN",53665,0.969,1.038,1.009,1.010,1.001,1.014,1.061,1.076,1.079,1.053,1.024,1.058,1.059,1.038,1.006,1.028,1.023,1.015
"Hammond, IN",78967,1.293,1.297,1.273,1.365,1.359,1.240,1.335,1.276,1.269,1.291,1.302,1.333,1.289,1.312,1.348,1.317,1.359,1.250
"Indianapolis, IN",843393,1.031,1.038,1.009,1.010,1.001,1.014,1.061,1.076,1.079,1.053,1.024,1.058,1.059,1.038,1.006,1.028,1.023,1.015
"Jeffersonville, IN",45929,0.927,0.964,0.963,1.027,0.986,0.992,0.974,0.991,0.970,1.004,0.991,0.975,1.006,0.999,0.987,1.009,0.934,0.994
"Kokomo, IN",56895,1.045,0.987,1.103,1.180,1.180,0.987,0.987,1.030,0.987,1.023,0.987,0.987,1.030,1.077,1.141,1.150,0.987,0.985
"Lafayette, IN",70373,0.951,0.994,1.004,0.986,1.097,0.974,1.034,1.041,1.027,1.039,1.027,1.033,1.041,1.059,1.083,1.029,0.999,1.012
"Lawrence, IN",47135,0.969,1.038,1.009,1.010,1.001,1.014,1.061,1.076,1.079,1.053,1.024,1.058,1.059,1.038,1.006,1.028,1.023,1.015
"Mishawaka, IN",47989,0.970,1.073,1.010,1.049,1.006,1.003,1.008,1.058,1.033,1.054,1.033,1.010,1.058,1.040,1.011,1.035,1.039,1.016
"Muncie, IN",70316,0.889,0.949,0.910,0.962,0.983,0.985,0.985,0.950,0.985,0.955,0.985,0.985,0.950,0.962,0.983,0.955,0.926,0.977
"Noblesville, IN",56540,0.969,1.038,1.009,1.010,1.001,1.014,1.061,1.076,1.079,1.053,1.024,1.058,1.059,1.038,1.006,1.028,1.023,1.015
"South Bend, IN",100886,1.032,1.073,1.010,1.049,1.006,1.003,1.008,1.058,1.033,1.054,1.033,1.010,1.058,1.040,1.011,1.035,1.039,1.016
"Terre Haute, IN",61025,0.965,0.979,0.961,1.172,1.096,0.969,1.020,0.998,0.988,0.997,0.988,1.017,0.998,1.030,1.075,1.076,0.970,0.980
"Ames, IA",61792,0.936,0.976,0.999,0.992,0.997,0.990,1.014,1.016,1.003,1.014,1.003,1.013,1.016,1.009,0.998,1.001,1.008,1.013
"Ankeny, IA",51567,0.944,0.995,1.009,1.106,0.880,0.979,1.003,1.022,1.020,1.012,0.994,1.002,1.016,0.970,0.903,1.003,1.073,0.999
"Cedar Falls, IA",40566,0.939,0.996,0.996,0.978,0.999,1.041,1.014,0.983,0.995,0.985,0.995,1.013,0.983,0.988,0.998,0.995,0.996,1.003
"Cedar Rapids, IA",128429,1.004,0.995,1.009,1.106,0.880,0.979,1.003,1.022,1.020,1.012,0.994,1.002,1.016,0.970,0.903,1.003,1.073,0.999
"Council Bluffs, IA",61969,0.944,0.995,1.009,1.106,0.880,0.979,1.003,1.022,1.020,1.012,0.994,1.002,1.016,0.970,0.903,1.003,1.073,0.999
"Davenport, IA",102157,1.044,1.008,1.053,1.021,1.109,1.059,1.074,1.056,1.078,1.035,1.038,1.071,1.035,1.059,1.095,1.056,1.087,1.031
"Des Moines, IA",207510,1.001,0.990,1.008,0.996,1.001,1.013,1.022,1.006,0.963,1.035,1.014,1.022,1.039,1.026,1.004,1.017,1.022,1.017
"Dubuque, IA",58253,0.938,0.991,0.997,0.973,0.991,0.989,1.021,1.014,0.991,1.010,0.991,1.019,1.014,1.005,0.991,0.996,0.991,1.002
"Iowa City, IA",71591,0.944,0.995,1.009,1.106,0.880,0.979,1.003,1.022,1.020,1.012,0.994,1.002,1.016,0.970,0.903,1.003,1.073,0.999
"Sioux City, IA",82459,1.004,0.995,1.009,1.106,0.880,0.979,1.003,1.022,1.020,1.012,0.994,1.002,1.016,0.970,0.903,1.003,1.073,0.999
"Urbandale, IA",41776,0.944,0.995,1.009,1.106,0.880,0.979,1.003,1.022,1.020,1.012,0.994,1.002,1.016,0.970,0.903,1.003,1.073,0.999
"Waterloo, IA",68366,0.939,0.996,0.996,0.978,0.999,1.041,1.014,0.983,0.995,0.985,0.995,1.013,0.983,0.988,0.998,0.995,0.996,1.003
"West Des Moines, IA",61255,0.941,0.990,1.008,0.996,1.001,1.013,1.022,1.006,0.963,1.035,1.014,1.022,1.039,1.026,1.004,1.017,1.022,1.017
"Hutchinson, KS",41889,0.993,1.078,1.064,1.070,1.078,1.000,1.037,1.055,1.047,1.046,1.021,1.036,1.051,1.058,1.066,1.062,1.120,1.011
"Kansas City, KS",148483,1.057,1.078,1.064,1.070,1.078,1.000,1.037,1.055,1.047,1.046,1.021,1.036,1.051,1.058,1.066,1.062,1.120,1.011
"Lawrence, KS",90811,0.956,0.975,0.939,0.966,0.943,0.941,0.966,0.981,0.975,0.980,0.975,0.967,0.981,0.968,0.950,0.958,0.975,0.973
"Lenexa, KS",50344,0.993,1.078,1.064,1.070,1.078,1.000,1.037,1.054,1.046,1.046,1.020,1.036,1.051,1.058,1.066,1.062,1.120,1.011
"Manhattan, KS",56143,0.881,0.916,0.929,0.958,0.945,0.908,0.945,0.935,0.942,0.936,0.942,0.945,0.935,0.938,0.944,0.936,0.900,0.943
"Olathe, KS",131885,1.057,1.078,1.064,1.070,1.078,1.000,1.037,1.054,1.046,1.046,1.020,1.036,1.051,1.058,1.066,1.062,1.120,1.011
"Overland Park, KS",181260,1.057,1.078,1.064,1.070,1.078,1.000,1.037,1.054,1.046,1.046,1.020,1.036,1.051,1.058,1.066,1.062,1.120,1.011
"Salina, KS",47846,0.993,1.078,1.064,1.070,1.078,1.000,1.037,1.055,1.047,1.046,1.021,1.036,1.051,1.058,1.066,1.062,1.120,1.011
"Shawnee, KS",64323,0.993,1.078,1.064,1.070,1.078,1.000,1.037,1.054,1.046,1.046,1.020,1.036,1.051,1.058,1.066,1.062,1.120,1.011
"Topeka, KS",127679,0.979,0.941,0.961,1.067,0.975,0.973,0.968,0.963,0.966,0.965,0.973,0.968,0.964,0.968,0.975,0.998,0.921,0.971
"Wichita, KS",386552,0.936,0.929,0.910,0.942,0.966,0.919,0.921,0.936,0.930,0.929,0.907,0.920,0.933,0.942,0.954,0.949,0.887,0.926
"Bowling Green, KY",61488,0.889,0.919,0.925,0.984,0.928,0.928,0.933,0.958,0.923,0.952,0.923,0.932,0.958,0.946,0.927,0.961,0.856,0.932
"Covington, KY",40956,0.955,1.026,0.991,0.996,0.982,1.049,1.060,1.025,1.025,1.020,1.012,1.057,1.022,1.008,0.988,1.012,1.000,1.018
"Lexington-Fayette, KY",308428,1.028,1.037,1.002,1.007,0.993,1.060,1.072,1.037,1.036,1.031,1.023,1.068,1.033,1.019,0.999,1.023,1.011,1.030
"Louisville, KY",609893,0.986,0.964,0.963,1.027,0.986,0.992,0.974,0.991,0.970,1.004,0.991,0.975,1.006,0.999,0.987,1.009,0.934,0.994
"Owensboro, KY",58416,0.919,0.947,0.979,1.073,0.937,0.923,0.947,0.943,0.947,0.944,0.947,0.947,0.943,0.941,0.939,0.975,0.947,0.945
"Alexandria, LA",48426,0.854,0.891,0.887,0.944,0.924,0.883,0.891,0.896,0.891,0.895,0.891,0.891,0.896,0.905,0.917,0.917,0.891,0.896
"Baton Rouge, LA",229426,0.977,0.943,0.976,1.046,0.987,0.945,1.016,0.930,0.848,0.985,0.938,1.010,0.993,0.988,0.977,1.013,0.946,0.941
"Bossier City, LA",66333,0.844,0.904,0.908,0.932,0.855,0.890,0.898,0.870,0.840,0.886,0.864,0.896,0.890,0.878,0.857,0.901,0.929,0.886
"Kenner, LA",66975,0.901,0.952,0.972,0.990,0.959,0.938,1.030,0.904,0.853,0.947,0.930,1.023,0.950,0.952,0.953,0.968,0.968,0.924
"Lafayette, LA",124276,0.898,0.910,0.907,0.921,0.918,0.882,0.853,0.881,0.866,0.889,0.879,0.855,0.891,0.899,0.910,0.910,0.928,0.874
"Lake Charles, LA",74024,0.897,0.979,0.907,1.049,0.978,0.956,0.937,0.918,0.891,0.960,0.983,0.940,0.956,0.965,0.979,0.983,0.976,0.995
"Monroe, LA",49761,0.822,0.875,0.831,0.900,0.855,0.884,0.852,0.879,0.852,0.875,0.852,0.852,0.879,0.870,0.854,0.888,0.816,0.870
"New Orleans, LA",378715,0.959,0.952,0.972,0.990,0.959,0.938,1.030,0.904,0.853,0.947,0.930,1.023,0.950,0.952,0.953,0.968,0.968,0.924
"Shreveport, LA",200327,0.897,0.904,0.908,0.932,0.855,0.890,0.898,0.870,0.840,0.886,0.864,0.896,0.890,0.878,0.857,0.901,0.929,0.886
"Portland, ME",66318,0.976,1.006,1.027,1.003,1.019,1.120,1.027,1.066,1.061,1.041,0.997,1.025,1.049,1.037,1.014,1.058,1.019,1.012
"Annapolis, MD",38722,0.968,1.023,1.032,1.027,1.021,1.023,0.993,1.045,1.000,1.060,1.013,0.995,1.069,1.051,1.020,1.049,1.013,1.023
"Baltimore, MD",622104,1.029,1.023,1.032,1.027,1.021,1.023,0.993,1.045,1.000,1.060,1.013,0.995,1.069,1.051,1.020,1.049,1.013,1.023
"Bowie, MD",56759,1.026,1.089,1.122,1.049,1.126,1.049,1.022,1.081,1.067,1.069,1.029,1.023,1.076,1.090,1.106,1.090,1.044,1.059
"Frederick, MD",66893,1.026,1.089,1.122,1.049,1.126,1.049,1.022,1.081,1.067,1.069,1.029,1.023,1.076,1.090,1.106,1.090,1.044,1.059
"Gaithersburg, MD",65690,1.026,1.089,1.122,1.049,1.126,1.049,1.022,1.081,1.067,1.069,1.029,1.023,1.076,1.090,1.106,1.090,1.044,1.059
"Hagerstown, MD",40612,0.900,0.982,0.991,0.905,0.980,0.966,0.922,0.960,0.952,0.959,0.952,0.924,0.960,0.966,0.974,0.953,1.001,0.963
"Rockville, MD",64072,1.026,1.089,1.122,1.049,1.126,1.049,1.022,1.081,1.067,1.069,1.029,1.023,1.076,1.090,1.106,1.090,1.044,1.059
"Attleboro, MA",43886,1.116,1.207,1.156,1.209,1.195,1.134,1.164,1.221,1.221,1.214,1.205,1.167,1.216,1.209,1.197,1.193,1.135,1.178
"Barnstable Town, MA",44641,1.105,1.196,1.144,1.197,1.183,1.122,1.152,1.209,1.209,1.203,1.193,1.156,1.204,1.197,1.185,1.181,1.123,1.166
"Beverly, MA",40664,1.116,1.207,1.156,1.209,1.195,1.134,1.164,1.221,1.221,1.214,1.205,1.167,1.216,1.209,1.197,1.193,1.135,1.178
"Boston, MA",645966,1.188,1.207,1.156,1.209,1.195,1.134,1.164,1.221,1.221,1.214,1.205,1.167,1.216,1.209,1.197,1.193,1.135,1.178
"Brockton, MA",94089,1.188,1.207,1.156,1.209,1.195,1.134,1.164,1.221,1.221,1.214,1.205,1.167,1.216,1.209,1.197,1.193,1.135,1.178
"Cambridge, MA",107289,1.188,1.207,1.156,1.209,1.195,1.134,1.164,1.221,1.221,1.214,1.205,1.167,1.216,1.209,1.197,1.193,1.135,1.178
"Chelsea, MA",37670,1.116,1.207,1.156,1.209,1.195,1.134,1.164,1.221,1.221,1.214,1.205,1.167,1.216,1.209,1.197,1.193,1.135,1.178
"Chicopee, MA",55717,1.116,1.207,1.156,1.209,1.195,1.134,1.164,1.221,1.221,1.214,1.205,1.167,1.216,1.209,1.197,1.193,1.135,1.178
"Everett, MA",42935,1.116,1.207,1.156,1.209,1.195,1.134,1.164,1.221,1.221,1.214,1.205,1.167,1.216,1.209,1.197,1.193,1.135,1.178
"Fall River, MA",88697,1.188,1.207,1.156,1.209,1.195,1.134,1.164,1.221,1.221,1.214,1.205,1.167,1.216,1.209,1.197,1.193,1.135,1.178
"Fitchburg, MA",40383,1.116,1.207,1.156,1.209,1.195,1.134,1.164,1.221,1.221,1.214,1.205,1.167,1.216,1.209,1.197,1.193,1.135,1.178
"Haverhill, MA",62088,1.116,1.207,1.156,1.209,1.195,1.134,1.164,1.221,1.221,1.214,1.205,1.167,1.216,1.209,1.197,1.193,1.135,1.178
"Holyoke, MA",40249,1.116,1.207,1.156,1.209,1.195,1.134,1.164,1.221,1.221,1.214,1.205,1.167,1.216,1.209,1.197,1.193,1.135,1.178
"Lawrence, MA",77657,1.188,1.207,1.156,1.209,1.195,1.134,1.164,1.221,1.221,1.214,1.205,1.167,1.216,1.209,1.197,1.193,1.135,1.178
"Leominster, MA",41002,1.116,1.207,1.156,1.209,1.195,1.134,1.164,1.221,1.221,1.214,1.205,1.167,1.216,1.209,1.197,1.193,1.135,1.178
"Lowell, MA",108861,1.188,1.207,1.156,1.209,1.195,1.134,1.164,1.221,1.221,1.214,1.205,1.167,1.216,1.209,1.197,1.193,1.135,1.178
"Lynn, MA",91589,1.188,1.207,1.156,1.209,1.195,1.134,1.164,1.221,1.221,1.214,1.205,1.167,1.216,1.209,1.197,1.193,1.135,1.178
"Malden, MA",60509,1.116,1.207,1.156,1.209,1.195,1.134,1.164,1.221,1.221,1.214,1.205,1.167,1.216,1.209,1.197,1.193,1.135,1.178
"Marlborough, MA",39414,1.116,1.207,1.156,1.209,1.195,1.134,1.164,1.221,1.221,1.214,1.205,1.167,1.216,1.209,1.197,1.193,1.135,1.178
"Medford, MA",57170,1.116,1.207,1.156,1.209,1.195,1.134,1.164,1.221,1.221,1.214,1.205,1.167,1.216,1.209,1.197,1.193,1.135,1.178
"Methuen, MA",48514,1.116,1.207,1.156,1.209,1.195,1.134,1.164,1.221,1.221,1.214,1.205,1.167,1.216,1.209,1.197,1.193,1.135,1.178
"New Bedford, MA",95078,1.188,1.207,1.156,1.209,1.195,1.134,1.164,1.221,1.221,1.214,1.205,1.167,1.216,1.209,1.197,1.193,1.135,1.178
"Newton, MA",87971,1.188,1.207,1.156,1.209,1.195,1.134,1.164,1.221,1.221,1.214,1.205,1.167,1.216,1.209,1.197,1.193,1.135,1.178
"Peabody, MA",52044,1.116,1.207,1.156,1.209,1.195,1.134,1.164,1.221,1.221,1.214,1.205,1.167,1.216,1.209,1.197,1.193,1.135,1.178
"Pittsfield, MA",44057,1.020,1.059,1.106,1.107,1.111,1.046,1.059,1.065,1.059,1.064,1.059,1.059,1.065,1.080,1.101,1.088,1.059,1.041
"Quincy, MA",93494,1.188,1.207,1.156,1.209,1.195,1.134,1.164,1.221,1.221,1.214,1.205,1.167,1.216,1.209,1.197,1.193,1.135,1.178
"Revere, MA",53756,1.116,1.207,1.156,1.209,1.195,1.134,1.164,1.221,1.221,1.214,1.205,1.167,1.216,1.209,1.197,1.193,1.135,1.178
"Salem, MA",42544,1.116,1.207,1.156,1.209,1.195,1.134,1.164,1.221,1.221,1.214,1.205,1.167,1.216,1.209,1.197,1.193,1.135,1.178
"Somerville, MA",78804,1.188,1.207,1.156,1.209,1.195,1.134,1.164,1.221,1.221,1.214,1.205,1.167,1.216,1.209,1.197,1.193,1.135,1.178
"Springfield, MA",153703,1.175,1.258,1.158,1.254,1.157,1.072,1.158,1.112,1.162,1.119,1.162,1.159,1.112,1.129,1.158,1.144,1.185,1.112
"Taunton, MA",56069,1.116,1.207,1.156,1.209,1.195,1.134,1.164,1.221,1.221,1.214,1.205,1.167,1.216,1.209,1.197,1.193,1.135,1.178
"Waltham, MA",62227,1.116,1.207,1.156,1.209,1.195,1.134,1.164,1.221,1.221,1.214,1.205,1.167,1.216,1.209,1.197,1.193,1.135,1.178
"Westfield, MA",41301,1.116,1.207,1.156,1.209,1.195,1.134,1.164,1.221,1.221,1.214,1.205,1.167,1.216,1.209,1.197,1.193,1.135,1.178
"Weymouth Town, MA",55419,1.116,1.207,1.156,1.209,1.195,1.134,1.164,1.221,1.221,1.214,1.205,1.167,1.216,1.209,1.197,1.193,1.135,1.178
"Woburn, MA",39083,1.116,1.207,1.156,1.209,1.195,1.134,1.164,1.221,1.221,1.214,1.205,1.167,1.216,1.209,1.197,1.193,1.135,1.178
"Worcester, MA",182544,1.168,1.268,1.131,1.156,1.136,1.094,1.141,1.168,1.235,1.115,1.141,1.141,1.111,1.120,1.137,1.119,1.136,1.105
"Ann Arbor, MI",117025,1.049,0.982,1.010,1.092,1.129,1.006,1.066,1.077,1.007,1.066,1.007,1.062,1.077,1.091,1.105,1.101,0.948,0.998
"Battle Creek, MI",51848,0.958,0.985,0.988,1.037,0.993,1.103,0.952,1.055,0.978,1.043,0.978,0.954,1.055,1.031,0.990,1.066,0.989,0.978
"Dearborn, MI",95884,1.099,1.089,1.043,1.157,1.144,1.084,1.091,1.093,1.060,1.099,1.057,1.088,1.107,1.117,1.126,1.143,1.034,1.040
"Dearborn Heights, MI",56620,1.033,1.089,1.043,1.157,1.144,1.084,1.091,1.093,1.060,1.099,1.057,1.088,1.107,1.117,1.126,1.143,1.034,1.040
"Detroit, MI",688701,1.099,1.089,1.043,1.157,1.144,1.084,1.091,1.093,1.060,1.099,1.057,1.088,1.107,1.117,1.126,1.143,1.034,1.040
"East Lansing, MI",48554,0.980,0.985,1.007,1.107,1.093,1.027,1.046,1.062,1.010,1.054,1.010,1.043,1.062,1.069,1.076,1.092,0.994,0.999
"Farmington Hills, MI",81295,1.099,1.089,1.043,1.157,1.144,1.084,1.091,1.093,1.060,1.099,1.057,1.088,1.107,1.117,1.126,1.143,1.034,1.040
"Flint, MI",99763,1.087,1.137,1.057,1.147,1.106,1.087,0.984,1.043,1.008,1.037,1.008,0.986,1.043,1.062,1.086,1.113,1.116,0.987
"Grand Rapids, MI",192294,0.996,0.961,0.953,1.061,0.982,0.997,1.028,1.011,0.981,1.026,1.001,1.026,1.030,1.013,0.985,1.027,0.935,0.994
"Kalamazoo, MI",75548,1.039,1.051,1.066,1.129,0.995,0.988,0.965,1.044,1.004,1.038,1.004,0.968,1.044,1.026,0.996,1.055,1.159,0.992
"Kentwood, MI",50233,0.937,0.961,0.953,1.061,0.982,0.997,1.028,1.011,0.981,1.026,1.001,1.026,1.030,1.013,0.985,1.027,0.935,0.994
"Lansing, MI",113972,1.042,0.985,1.007,1.107,1.093,1.027,1.046,1.062,1.010,1.054,1.010,1.043,1.062,1.069,1.076,1.092,0.994,0.999
"Lincoln Park, MI",37313,1.012,1.067,1.020,1.134,1.121,1.061,1.068,1.070,1.037,1.076,1.034,1.065,1.084,1.094,1.104,1.120,1.011,1.017
"Livonia, MI",95208,1.099,1.089,1.043,1.157,1.144,1.084,1.091,1.093,1.060,1.099,1.057,1.088,1.107,1.117,1.126,1.143,1.034,1.040
"Midland, MI",42181,0.884,0.993,0.892,0.903,0.888,0.993,1.025,1.029,0.993,1.023,0.993,1.023,1.029,0.981,0.909,0.945,0.993,0.983
"Muskegon, MI",37213,0.936,1.035,0.977,1.069,0.986,0.966,0.950,1.000,0.963,0.994,0.963,0.951,1.000,0.994,0.982,1.020,1.082,0.957
"Novi, MI",57960,1.033,1.089,1.043,1.157,1.144,1.084,1.091,1.093,1.060,1.099,1.057,1.088,1.107,1.117,1.126,1.143,1.034,1.040
"Pontiac, MI",59887,1.033,1.089,1.043,1.157,1.144,1.084,1.091,1.093,1.060,1.099,1.057,1.088,1.107,1.117,1.126,1.143,1.034,1.040
"Portage, MI",47523,0.977,1.051,1.066,1.129,0.995,0.988,0.965,1.044,1.004,1.038,1.004,0.968,1.044,1.026,0.996,1.055,1.159,0.992
"Rochester Hills, MI",72952,1.033,1.089,1.043,1.157,1.144,1.084,1.091,1.093,1.060,1.099,1.057,1.088,1.107,1.117,1.126,1.143,1.034,1.040
"Roseville, MI",47555,1.012,1.067,1.020,1.134,1.121,1.061,1.068,1.070,1.037,1.076,1.034,1.065,1.084,1.094,1.104,1.120,1.011,1.017
"Royal Oak, MI",58946,1.033,1.089,1.043,1.157,1.144,1.084,1.091,1.093,1.060,1.099,1.057,1.088,1.107,1.117,1.126,1.143,1.034,1.040
"Saginaw, MI",50303,0.949,0.952,0.993,1.092,0.984,0.981,1.037,1.026,0.982,1.019,0.982,1.032,1.026,1.010,0.983,1.037,0.982,0.974
"Southfield, MI",73006,1.033,1.089,1.043,1.157,1.144,1.084,1.091,1.093,1.060,1.099,1.057,1.088,1.107,1.117,1.126,1.143,1.034,1.040
"St. Clair Shores, MI",60070,1.033,1.089,1.043,1.157,1.144,1.084,1.091,1.093,1.060,1.099,1.057,1.088,1.107,1.117,1.126,1.143,1.034,1.040
"Sterling Heights, MI",131224,1.099,1.089,1.043,1.157,1.144,1.084,1.091,1.093,1.060,1.099,1.057,1.088,1.107,1.117,1.126,1.143,1.034,1.040
"Taylor, MI",61817,1.033,1.089,1.043,1.157,1.144,1.084,1.091,1.093,1.060,1.099,1.057,1.088,1.107,1.117,1.126,1.143,1.034,1.040
"Troy, MI",82821,1.099,1.089,1.043,1.157,1.144,1.084,1.091,1.093,1.060,1.099,1.057,1.088,1.107,1.117,1.126,1.143,1.034,1.040
"Warren, MI",134873,1.099,1.089,1.043,1.157,1.144,1.084,1.091,1.093,1.060,1.099,1.057,1.088,1.107,1.117,1.126,1.143,1.034,1.040
"Westland, MI",82578,1.099,1.089,1.043,1.157,1.144,1.084,1.091,1.093,1.060,1.099,1.057,1.088,1.107,1.117,1.126,1.143,1.034,1.040
"Wyoming, MI",74100,0.937,0.961,0.953,1.061,0.982,0.997,1.028,1.011,0.981,1.026,1.001,1.026,1.030,1.013,0.985,1.027,0.935,0.994
"Apple Valley, MN",50201,1.164,1.256,1.164,1.311,1.291,1.181,1.189,1.219,1.182,1.229,1.186,1.189,1.237,1.252,1.270,1.277,1.100,1.178
"Blaine, MN",60407,1.164,1.256,1.164,1.311,1.291,1.181,1.189,1.219,1.182,1.229,1.186,1.189,1.237,1.252,1.270,1.277,1.100,1.178
"Bloomington, MN",86319,1.239,1.256,1.164,1.311,1.291,1.181,1.189,1.219,1.182,1.229,1.186,1.189,1.237,1.252,1.270,1.277,1.100,1.178
"Brooklyn Park, MN",78373,1.239,1.256,1.164,1.311,1.291,1.181,1.189,1.219,1.182,1.229,1.186,1.189,1.237,1.252,1.270,1.277,1.100,1.178
"Burnsville, MN",61434,1.164,1.256,1.164,1.311,1.291,1.181,1.189,1.219,1.182,1.229,1.186,1.189,1.237,1.252,1.270,1.277,1.100,1.178
"Coon Rapids, MN",62103,1.164,1.256,1.164,1.311,1.291,1.181,1.189,1.219,1.182,1.229,1.186,1.189,1.237,1.252,1.270,1.277,1.100,1.178
"Duluth, MN",86128,1.171,1.284,1.138,1.207,1.173,1.128,1.104,1.084,1.148,1.094,1.148,1.107,1.084,1.116,1.168,1.138,1.152,1.117
"Eagan, MN",65453,1.164,1.256,1.164,1.311,1.291,1.181,1.189,1.219,1.182,1.229,1.186,1.189,1.237,1.252,1.270,1.277,1.100,1.178
"Eden Prairie, MN",62603,1.164,1.256,1.164,1.311,1.291,1.181,1.189,1.219,1.182,1.229,1.186,1.189,1.237,1.252,1.270,1.277,1.100,1.178
"Edina, MN",49376,1.164,1.256,1.164,1.311,1.291,1.181,1.189,1.219,1.182,1.229,1.186,1.189,1.237,1.252,1.270,1.277,1.100,1.178
"Lakeville, MN",58562,1.164,1.256,1.164,1.311,1.291,1.181,1.189,1.219,1.182,1.229,1.186,1.189,1.237,1.252,1.270,1.277,1.100,1.178
"Mankato, MN",40641,0.998,0.999,1.061,1.110,1.153,0.988,1.054,1.083,1.105,1.086,1.105,1.058,1.083,1.107,1.144,1.082,0.969,1.091
"Maple Grove, MN",65415,1.164,1.256,1.164,1.311,1.291,1.181,1.189,1.219,1.182,1.229,1.186,1.189,1.237,1.252,1.270,1.277,1.100,1.178
"Maplewood, MN",39765,1.164,1.256,1.164,1.311,1.291,1.181,1.189,1.219,1.182,1.229,1.186,1.189,1.237,1.252,1.270,1.277,1.100,1.178
"Minneapolis, MN",400070,1.239,1.256,1.164,1.311,1.291,1.181,1.189,1.219,1.182,1.229,1.186,1.189,1.237,1.252,1.270,1.277,1.100,1.178
"Minnetonka, MN",51368,1.164,1.256,1.164,1.311,1.291,1.181,1.189,1.219,1.182,1.229,1.186,1.189,1.237,1.252,1.270,1.277,1.100,1.178
"Moorhead, MN",39398,1.132,1.221,1.129,1.276,1.256,1.146,1.154,1.184,1.147,1.194,1.152,1.154,1.202,1.217,1.235,1.242,1.065,1.143
"Plymouth, MN",73987,1.164,1.256,1.164,1.311,1.291,1.181,1.189,1.219,1.182,1.229,1.186,1.189,1.237,1.252,1.270,1.277,1.100,1.178
"Rochester, MN",110742,1.137,1.110,1.077,1.286,1.152,1.146,1.093,1.106,1.121,1.108,1.121,1.095,1.106,1.122,1.145,1.179,1.071,1.092
"Shakopee, MN",39167,1.164,1.256,1.164,1.311,1.291,1.181,1.189,1.219,1.182,1.229,1.186,1.189,1.237,1.252,1.270,1.277,1.100,1.178
"St. Cloud, MN",66297,1.078,1.216,1.132,1.174,1.194,1.091,1.087,1.088,1.126,1.094,1.126,1.090,1.088,1.124,1.180,1.134,1.173,1.112
"St. Louis Park, MN",47411,1.164,1.256,1.164,1.311,1.291,1.181,1.189,1.219,1.182,1.229,1.186,1.189,1.237,1.252,1.270,1.277,1.100,1.178
"St. Paul, MN",294873,1.239,1.256,1.164,1.311,1.291,1.181,1.189,1.219,1.182,1.229,1.186,1.189,1.237,1.252,1.270,1.277,1.100,1.178
"Woodbury, MN",65656,1.164,1.256,1.164,1.311,1.291,1.181,1.189,1.219,1.182,1.229,1.186,1.189,1.237,1.252,1.270,1.277,1.100,1.178
"Biloxi, MS",44820,0.875,0.877,0.903,0.966,0.960,0.930,0.883,0.913,0.877,0.908,0.877,0.883,0.913,0.927,0.943,0.957,0.877,0.897
"Gulfport, MS",71012,0.875,0.877,0.903,0.966,0.960,0.930,0.883,0.913,0.877,0.908,0.877,0.883,0.913,0.927,0.943,0.957,0.877,0.897
"Hattiesburg, MS",47556,0.824,0.861,0.860,0.880,0.856,0.877,0.886,0.897,0.861,0.892,0.861,0.884,0.897,0.882,0.857,0.887,0.861,0.863
"Jackson, MS",172638,0.908,0.886,0.901,0.934,0.862,0.918,0.913,0.919,0.914,0.908,0.882,0.910,0.912,0.894,0.866,0.915,0.895,0.897
"Meridian, MS",40921,0.854,0.886,0.901,0.934,0.862,0.918,0.913,0.919,0.914,0.908,0.882,0.910,0.912,0.894,0.866,0.915,0.895,0.897
"Southaven, MS",50997,0.854,0.886,0.901,0.934,0.862,0.918,0.913,0.919,0.914,0.908,0.882,0.910,0.912,0.894,0.866,0.915,0.895,0.897
"Blue Springs, MO",53294,0.993,1.078,1.064,1.070,1.078,1.000,1.037,1.054,1.046,1.046,1.020,1.036,1.051,1.058,1.066,1.062,1.120,1.011
"Cape Girardeau, MO",38816,0.939,1.066,0.962,0.981,0.967,1.101,0.987,1.078,1.088,1.079,1.088,0.995,1.078,1.042,0.991,1.019,1.052,1.051
"Chesterfield, MO",47749,1.057,1.150,1.103,1.138,1.166,1.140,1.148,1.143,1.155,1.162,1.212,1.153,1.153,1.160,1.175,1.131,1.214,1.162
"Columbia, MO",115276,0.997,1.051,0.964,1.012,0.978,1.002,1.050,1.027,1.132,1.043,1.132,1.056,1.027,1.016,1.009,0.971,1.022,1.072
"Florissant, MO",52363,1.057,1.150,1.103,1.138,1.166,1.140,1.148,1.143,1.155,1.162,1.212,1.153,1.153,1.160,1.175,1.131,1.214,1.162
"Independence, MO",117240,1.057,1.078,1.064,1.070,1.078,1.000,1.037,1.054,1.046,1.046,1.020,1.036,1.051,1.058,1.066,1.062,1.120,1.011
"Jefferson City, MO",43330,0.994,1.079,1.064,1.071,1.078,1.000,1.038,1.055,1.047,1.046,1.021,1.036,1.051,1.058,1.067,1.062,1.121,1.011
"Joplin, MO",50789,0.900,0.940,0.912,0.986,1.006,0.950,0.968,0.992,1.008,0.995,1.008,0.971,0.992,0.997,1.007,0.979,0.914,1.004
"Kansas City, MO",467007,1.057,1.079,1.064,1.071,1.078,1.000,1.038,1.055,1.047,1.046,1.021,1.036,1.051,1.058,1.067,1.062,1.121,1.011
"Lee's Summit, MO",93184,1.057,1.078,1.064,1.070,1.078,1.000,1.037,1.054,1.046,1.046,1.020,1.036,1.051,1.058,1.066,1.062,1.120,1.011
"O'Fallon, MO",82809,1.124,1.150,1.103,1.138,1.166,1.140,1.148,1.143,1.155,1.162,1.212,1.153,1.153,1.160,1.175,1.131,1.214,1.162
"Springfield, MO",164122,0.967,0.970,0.962,0.960,0.945,0.965,0.958,1.007,1.028,0.988,0.993,0.960,0.987,0.974,0.955,0.960,0.989,0.985
"St. Charles, MO",67569,1.057,1.150,1.103,1.138,1.166,1.140,1.148,1.143,1.155,1.162,1.212,1.153,1.153,1.160,1.175,1.131,1.214,1.162
"St. Joseph, MO",77147,1.020,1.032,1.071,0.923,1.132,1.014,0.977,1.016,1.032,1.019,1.032,0.981,1.016,1.055,1.112,1.015,1.122,1.047
"St. Louis, MO",318416,1.124,1.150,1.103,1.138,1.166,1.140,1.148,1.143,1.155,1.162,1.212,1.153,1.153,1.160,1.175,1.131,1.214,1.162
"St. Peters, MO",54842,1.057,1.150,1.103,1.138,1.166,1.140,1.148,1.143,1.155,1.162,1.212,1.153,1.153,1.160,1.175,1.131,1.214,1.162
"Billings, MT",109059,1.044,1.001,1.019,1.129,1.109,1.008,1.013,1.036,1.007,1.032,1.007,1.013,1.036,1.059,1.089,1.088,1.001,0.986
"Bozeman, MT",39860,0.999,1.053,1.030,1.152,1.035,1.053,1.059,1.080,1.072,1.079,1.072,1.060,1.080,1.065,1.042,1.086,1.046,1.038
"Great Falls, MT",59351,0.973,1.021,1.020,1.103,1.086,1.003,0.979,1.020,1.028,1.021,1.028,0.983,1.020,1.042,1.074,1.058,1.016,1.006
"Missoula, MT",69122,0.975,1.002,1.023,1.114,1.073,0.994,1.043,1.032,1.019,1.030,1.019,1.041,1.032,1.045,1.062,1.064,1.028,1.001
"Bellevue, NE",53663,0.904,0.946,0.977,0.973,0.966,0.966,0.948,0.946,0.954,0.949,0.966,0.950,0.946,0.953,0.966,0.958,0.951,0.977
"Grand Island, NE",50550,0.878,0.892,0.959,0.960,0.894,0.924,0.962,0.939,0.942,0.948,0.964,0.962,0.945,0.929,0.908,0.924,0.964,0.995
"Lincoln, NE",268738,0.961,0.946,0.977,0.973,0.966,0.966,0.948,0.946,0.954,0.949,0.966,0.950,0.946,0.953,0.966,0.958,0.951,0.977
"Omaha, NE",434353,1.009,0.993,1.032,1.117,0.976,0.966,0.960,0.989,1.023,0.971,0.997,0.963,0.966,0.971,0.980,1.006,1.078,1.002
"Carson City, NV",54080,0.939,0.964,0.958,0.981,1.010,1.018,1.036,1.036,0.996,1.046,0.998,1.033,1.055,1.037,1.007,1.029,0.919,1.005
"Henderson, NV",270811,0.999,0.964,0.958,0.981,1.010,1.018,1.036,1.036,0.996,1.046,0.998,1.033,1.055,1.037,1.007,1.029,0.919,1.005
"Las Vegas, NV",603488,0.999,0.964,0.958,0.981,1.010,1.018,1.036,1.036,0.996,1.046,0.998,1.033,1.055,1.037,1.007,1.029,0.919,1.005
"North Las Vegas, NV",226877,0.999,0.964,0.958,0.981,1.010,1.018,1.036,1.036,0.996,1.046,0.998,1.033,1.055,1.037,1.007,1.029,0.919,1.005
"Reno, NV",233294,1.019,0.986,0.969,1.021,1.009,1.049,1.087,1.060,1.026,1.077,1.050,1.084,1.082,1.057,1.018,1.045,0.943,1.037
"Sparks, NV",93282,1.019,0.986,0.969,1.021,1.009,1.049,1.087,1.060,1.026,1.077,1.050,1.084,1.082,1.057,1.018,1.045,0.943,1.037
"Concord, NH",42419,1.116,1.207,1.156,1.209,1.195,1.134,1.164,1.221,1.221,1.214,1.205,1.167,1.216,1.209,1.197,1.193,1.135,1.178
"Manchester, NH",110378,1.020,0.985,1.013,1.039,0.999,1.002,0.975,1.064,1.072,1.031,0.991,0.976,1.038,1.023,0.998,1.033,0.986,1.008
"Nashua, NH",87137,1.020,0.985,1.013,1.039,0.999,1.002,0.975,1.064,1.072,1.031,0.991,0.976,1.038,1.023,0.998,1.033,0.986,1.008
"Atlantic City, NJ",39551,0.989,1.039,1.062,1.043,1.046,1.038,1.053,1.077,1.084,1.055,1.032,1.051,1.059,1.054,1.044,1.054,1.087,1.038
"Bayonne, NJ",65028,1.148,1.287,1.197,1.224,1.188,1.193,1.208,1.225,1.226,1.230,1.237,1.210,1.229,1.216,1.198,1.205,1.225,1.219
"Camden, NJ",76903,1.090,1.109,1.084,1.091,1.092,1.085,1.082,1.099,1.109,1.082,1.073,1.082,1.084,1.086,1.089,1.092,1.146,1.057
"Clifton, NJ",85390,1.221,1.287,1.197,1.224,1.188,1.193,1.208,1.225,1.226,1.230,1.237,1.210,1.229,1.216,1.198,1.205,1.225,1.219
"East Orange, NJ",64544,1.148,1.287,1.197,1.224,1.188,1.193,1.208,1.225,1.226,1.230,1.237,1.210,1.229,1.216,1.198,1.205,1.225,1.219
"Elizabeth, NJ",127558,1.221,1.287,1.197,1.224,1.188,1.193,1.208,1.225,1.226,1.230,1.237,1.210,1.229,1.216,1.198,1.205,1.225,1.219
"Hackensack, NJ",44113,1.148,1.287,1.197,1.224,1.188,1.193,1.208,1.225,1.226,1.230,1.237,1.210,1.229,1.216,1.198,1.205,1.225,1.219
"Hoboken, NJ",52575,1.148,1.287,1.197,1.224,1.188,1.193,1.208,1.225,1.226,1.230,1.237,1.210,1.229,1.216,1.198,1.205,1.225,1.219
"Jersey City, NJ",257342,1.221,1.287,1.197,1.224,1.188,1.193,1.208,1.225,1.226,1.230,1.237,1.210,1.229,1.216,1.198,1.205,1.225,1.219
"Kearny, NJ",41664,1.148,1.287,1.197,1.224,1.188,1.193,1.208,1.225,1.226,1.230,1.237,1.210,1.229,1.216,1.198,1.205,1.225,1.219
"Linden, NJ",41301,1.148,1.287,1.197,1.224,1.188,1.193,1.208,1.225,1.226,1.230,1.237,1.210,1.229,1.216,1.198,1.205,1.225,1.219
"New Brunswick, NJ",55831,1.148,1.287,1.197,1.224,1.188,1.193,1.208,1.225,1.226,1.230,1.237,1.210,1.229,1.216,1.198,1.205,1.225,1.219
"Newark, NJ",278427,1.221,1.287,1.197,1.224,1.188,1.193,1.208,1.225,1.226,1.230,1.237,1.210,1.229,1.216,1.198,1.205,1.225,1.219
"Passaic, NJ",70868,1.148,1.287,1.197,1.224,1.188,1.193,1.208,1.225,1.226,1.230,1.237,1.210,1.229,1.216,1.198,1.205,1.225,1.219
"Paterson, NJ",145948,1.221,1.287,1.197,1.224,1.188,1.193,1.208,1.225,1.226,1.230,1.237,1.210,1.229,1.216,1.198,1.205,1.225,1.219
"Perth Amboy, NJ",51982,1.148,1.287,1.197,1.224,1.188,1.193,1.208,1.225,1.226,1.230,1.237,1.210,1.229,1.216,1.198,1.205,1.225,1.219
"Plainfield, NJ",50588,1.148,1.287,1.197,1.224,1.188,1.193,1.208,1.225,1.226,1.230,1.237,1.210,1.229,1.216,1.198,1.205,1.225,1.219
"Sayreville, NJ",44412,1.148,1.287,1.197,1.224,1.188,1.193,1.208,1.225,1.226,1.230,1.237,1.210,1.229,1.216,1.198,1.205,1.225,1.219
"Trenton, NJ",84349,1.210,1.429,1.147,1.164,1.218,1.190,1.239,1.162,1.321,1.186,1.321,1.246,1.162,1.188,1.239,1.137,1.321,1.228
"Union City, NJ",68247,1.148,1.287,1.197,1.224,1.188,1.193,1.208,1.225,1.226,1.230,1.237,1.210,1.229,1.216,1.198,1.205,1.225,1.219
"Vineland, NJ",61050,1.061,1.258,1.119,1.168,1.137,1.166,1.135,1.122,1.230,1.139,1.230,1.142,1.122,1.132,1.155,1.118,1.276,1.163
"West New York, NJ",52122,1.148,1.287,1.197,1.224,1.188,1.193,1.208,1.225,1.226,1.230,1.237,1.210,1.229,1.216,1.198,1.205,1.225,1.219
"Albuquerque, NM",556495,0.966,0.943,0.974,0.978,0.939,0.963,0.945,0.984,0.975,0.965,0.922,0.943,0.973,0.959,0.936,0.978,0.972,0.936
"Clovis, NM",39508,0.908,0.943,0.974,0.978,0.939,0.963,0.945,0.984,0.975,0.965,0.922,0.943,0.973,0.959,0.936,0.978,0.972,0.936
"Farmington, NM",45426,0.871,0.868,0.946,0.886,0.947,0.942,0.913,0.991,0.883,0.975,0.883,0.910,0.991,0.972,0.934,0.968,0.883,0.890
"Las Cruces, NM",101324,0.910,0.881,0.940,0.914,0.900,0.948,0.888,0.900,0.894,0.899,0.894,0.888,0.900,0.900,0.899,0.917,0.916,0.890
"Rio Rancho, NM",91956,0.966,0.943,0.974,0.978,0.939,0.963,0.945,0.984,0.975,0.965,0.922,0.943,0.973,0.959,0.936,0.978,0.972,0.936
"Roswell, NM",48611,0.908,0.943,0.974,0.978,0.939,0.963,0.945,0.984,0.975,0.965,0.922,0.943,0.973,0.959,0.936,0.978,0.972,0.936
"Santa Fe, NM",69976,0.890,0.945,0.917,0.917,0.970,0.977,0.964,0.977,0.994,0.958,0.956,0.963,0.958,0.962,0.967,0.954,0.956,0.936
"Albany, NY",98424,1.095,1.121,1.053,1.163,1.091,1.035,1.082,1.080,1.066,1.079,1.054,1.080,1.083,1.084,1.084,1.108,1.058,1.041
"Binghamton, NY",46444,1.006,1.102,1.043,1.070,1.137,1.026,1.072,1.057,1.077,1.060,1.077,1.072,1.057,1.084,1.125,1.070,1.046,1.049
"Buffalo, NY",258959,1.077,1.106,1.053,1.101,1.131,1.025,1.074,1.040,1.012,1.054,1.034,1.071,1.058,1.081,1.111,1.091,1.059,1.027
"Freeport, NY",43167,1.029,1.121,1.053,1.163,1.091,1.035,1.082,1.080,1.066,1.079,1.054,1.080,1.083,1.084,1.084,1.108,1.058,1.041
"Hempstead, NY",55361,1.029,1.121,1.053,1.163,1.091,1.035,1.082,1.080,1.066,1.079,1.054,1.080,1.083,1.084,1.084,1.108,1.058,1.041
"Mount Vernon, NY",68224,1.029,1.121,1.053,1.163,1.091,1.035,1.082,1.080,1.066,1.079,1.054,1.080,1.083,1.084,1.084,1.108,1.058,1.041
"New Rochelle, NY",79446,1.095,1.121,1.053,1.163,1.091,1.035,1.082,1.080,1.066,1.079,1.054,1.080,1.083,1.084,1.084,1.108,1.058,1.041
"New York, NY",8405837,1.221,1.287,1.197,1.224,1.188,1.193,1.208,1.225,1.226,1.230,1.237,1.210,1.229,1.216,1.198,1.205,1.225,1.219
"Niagara Falls, NY",49468,1.029,1.121,1.053,1.163,1.091,1.035,1.082,1.080,1.066,1.079,1.054,1.080,1.083,1.084,1.084,1.108,1.058,1.041
"Rochester, NY",210358,1.063,1.096,1.029,1.052,1.105,1.000,1.074,1.068,1.077,1.056,1.052,1.073,1.056,1.072,1.094,1.057,1.022,1.040
"Schenectady, NY",65902,1.029,1.121,1.053,1.163,1.091,1.035,1.082,1.080,1.066,1.079,1.054,1.080,1.083,1.084,1.084,1.108,1.058,1.041
"Syracuse, NY",144669,1.054,1.078,1.037,1.038,1.082,1.008,1.085,1.034,0.995,1.055,1.024,1.080,1.060,1.066,1.071,1.058,1.023,1.027
"Troy, NY",49974,1.029,1.121,1.053,1.163,1.091,1.035,1.082,1.080,1.066,1.079,1.054,1.080,1.083,1.084,1.084,1.108,1.058,1.041
"Utica, NY",61808,0.962,1.078,0.997,0.996,0.998,0.998,0.982,1.052,0.995,1.043,0.995,0.983,1.052,1.031,0.997,1.024,0.994,1.000
"Valley Stream, NY",37659,1.029,1.121,1.053,1.163,1.091,1.035,1.082,1.080,1.066,1.079,1.054,1.080,1.083,1.084,1.084,1.108,1.058,1.041
"White Plains, NY",57866,1.029,1.121,1.053,1.163,1.091,1.035,1.082,1.080,1.066,1.079,1.054,1.080,1.083,1.084,1.084,1.108,1.058,1.041
"Yonkers, NY",199766,1.095,1.121,1.053,1.163,1.091,1.035,1.082,1.080,1.066,1.079,1.054,1.080,1.083,1.084,1.084,1.108,1.058,1.041
"Apex, NC",42214,0.896,0.968,0.932,0.946,0.930,0.961,0.947,0.967,0.981,0.957,0.963,0.948,0.956,0.948,0.937,0.944,0.934,0.977
"Asheville, NC",87236,0.940,0.929,0.919,0.981,0.893,0.923,0.935,0.958,0.982,0.929,0.923,0.934,0.930,0.918,0.899,0.936,0.932,0.936
"Burlington, NC",51510,0.840,0.911,0.904,0.886,0.873,0.897,0.923,0.869,0.911,0.875,0.911,0.922,0.869,0.872,0.880,0.869,0.911,0.931
"Cary, NC",151088,0.953,0.968,0.932,0.946,0.930,0.961,0.947,0.967,0.981,0.957,0.963,0.948,0.956,0.948,0.937,0.944,0.934,0.977
"Chapel Hill, NC",59635,0.895,0.965,0.933,0.972,0.953,0.977,0.943,0.918,0.892,0.956,0.972,0.945,0.953,0.954,0.957,0.959,0.904,0.982
"Charlotte, NC",792862,0.960,0.965,0.957,0.946,0.938,0.960,0.955,0.967,0.968,0.966,0.964,0.955,0.966,0.957,0.943,0.951,0.941,0.983
"Concord, NC",83506,0.960,0.965,0.957,0.946,0.938,0.960,0.955,0.967,0.968,0.966,0.964,0.955,0.966,0.957,0.943,0.951,0.941,0.983
"Durham, NC",245475,0.952,0.965,0.933,0.972,0.953,0.977,0.943,0.918,0.892,0.956,0.972,0.945,0.953,0.954,0.957,0.959,0.904,0.982
"Fayetteville, NC",204408,0.909,0.877,0.907,0.890,0.911,0.911,0.855,0.934,0.942,0.906,0.875,0.857,0.912,0.910,0.904,0.916,0.878,0.900
"Gastonia, NC",73209,0.902,0.965,0.957,0.946,0.938,0.960,0.955,0.967,0.968,0.966,0.964,0.955,0.966,0.957,0.943,0.951,0.941,0.983
"Greensboro, NC",279639,0.928,0.945,0.918,0.897,0.932,0.899,0.928,0.931,0.945,0.910,0.899,0.925,0.912,0.918,0.926,0.914,0.920,0.926
"Greenville, NC",89130,0.934,0.930,0.918,0.967,0.918,0.931,0.930,0.938,0.950,0.940,0.950,0.931,0.938,0.932,0.924,0.936,0.950,0.958
"Hickory, NC",40361,0.860,0.944,0.896,0.906,0.906,0.907,0.926,0.882,0.913,0.887,0.913,0.925,0.882,0.891,0.907,0.892,0.886,0.937
"High Point, NC",107741,0.928,0.945,0.918,0.897,0.932,0.899,0.928,0.931,0.945,0.910,0.899,0.925,0.912,0.918,0.926,0.914,0.920,0.926
"Huntersville, NC",50458,0.902,0.965,0.957,0.946,0.938,0.960,0.955,0.967,0.968,0.966,0.964,0.955,0.966,0.957,0.943,0.951,0.941,0.983
"Jacksonville, NC",69079,0.841,0.896,0.884,0.905,0.895,0.879,0.900,0.910,0.900,0.909,0.900,0.900,0.910,0.905,0.896,0.901,0.900,0.902
"Kannapolis, NC",44359,0.902,0.965,0.957,0.946,0.938,0.960,0.955,0.968,0.969,0.966,0.964,0.956,0.966,0.957,0.943,0.951,0.941,0.983
"Raleigh, NC",431746,0.953,0.968,0.932,0.946,0.930,0.961,0.947,0.967,0.981,0.957,0.963,0.948,0.956,0.948,0.937,0.944,0.934,0.977
"Rocky Mount, NC",56954,0.829,0.867,0.876,0.893,0.863,0.891,0.897,0.871,0.877,0.872,0.877,0.895,0.871,0.869,0.866,0.878,0.877,0.899
"Wilmington, NC",112067,0.918,0.953,0.894,0.897,0.895,0.902,0.942,0.945,0.956,0.947,0.956,0.943,0.945,0.929,0.907,0.903,0.919,0.960
"Wilson, NC",49628,0.902,0.965,0.957,0.946,0.938,0.960,0.955,0.968,0.969,0.966,0.964,0.956,0.966,0.957,0.943,0.951,0.941,0.983
"Winston-Salem, NC",236441,0.960,0.965,0.957,0.946,0.938,0.960,0.955,0.968,0.969,0.966,0.964,0.956,0.966,0.957,0.943,0.951,0.941,0.983
"Bismarck, ND",67034,0.941,0.980,0.996,1.007,0.961,1.093,0.992,1.011,1.011,1.011,1.011,0.994,1.011,0.994,0.971,1.014,1.011,1.005
"Fargo, ND",113658,1.045,1.016,1.087,1.006,1.073,1.087,1.022,1.046,1.007,1.040,1.007,1.021,1.046,1.053,1.060,1.063,1.107,1.010
"Grand Forks, ND",54932,0.950,1.010,1.059,0.993,1.018,0.980,0.976,1.013,0.995,1.010,0.995,0.978,1.013,1.014,1.013,1.006,1.050,0.986
"Minot, ND",46321,0.970,1.025,1.083,1.002,0.983,1.015,1.015,1.050,1.015,1.044,1.015,1.015,1.050,1.026,0.990,1.020,1.015,1.018
"Akron, OH",198100,1.036,1.068,1.031,0.983,1.073,1.034,1.064,1.007,1.012,1.008,1.012,1.060,1.007,1.029,1.061,1.023,1.058,1.011
"Beavercreek, OH",45712,0.937,1.026,1.000,0.990,0.976,0.999,1.025,0.978,0.977,0.992,1.012,1.024,0.988,0.986,0.983,0.981,1.020,1.009
"Canton, OH",72535,0.940,0.976,0.956,0.966,1.122,0.997,1.045,1.022,1.025,1.014,1.007,1.042,1.015,1.050,1.099,1.029,0.989,1.005
"Cincinnati, OH",297517,1.016,1.026,0.991,0.996,0.982,1.049,1.060,1.025,1.025,1.020,1.012,1.057,1.022,1.008,0.988,1.012,1.000,1.018
"Cleveland, OH",390113,1.040,1.077,1.008,1.018,1.022,1.083,1.095,1.050,1.056,1.065,1.098,1.095,1.059,1.049,1.037,1.030,1.052,1.064
"Cleveland Heights, OH",45394,0.977,1.077,1.008,1.018,1.022,1.083,1.095,1.050,1.056,1.065,1.098,1.095,1.059,1.049,1.037,1.030,1.052,1.064
"Columbus, OH",822553,1.047,1.078,1.008,1.022,1.003,1.095,1.090,1.087,1.108,1.076,1.093,1.090,1.073,1.051,1.021,1.036,1.055,1.065
"Cuyahoga Falls, OH",49267,0.974,1.068,1.031,0.983,1.073,1.034,1.064,1.007,1.012,1.008,1.012,1.060,1.007,1.029,1.061,1.023,1.058,1.011
"Dayton, OH",143355,0.997,1.026,1.000,0.990,0.976,0.999,1.025,0.978,0.977,0.992,1.012,1.024,0.988,0.986,0.983,0.981,1.020,1.009
"Dublin, OH",43607,0.984,1.078,1.008,1.022,1.003,1.095,1.090,1.087,1.108,1.076,1.093,1.090,1.073,1.051,1.021,1.036,1.055,1.065
"Elyria, OH",53956,0.977,1.077,1.008,1.018,1.022,1.083,1.095,1.050,1.056,1.065,1.098,1.095,1.059,1.049,1.037,1.030,1.052,1.064
"Euclid, OH",48139,0.977,1.077,1.008,1.018,1.022,1.083,1.095,1.050,1.056,1.065,1.098,1.095,1.059,1.049,1.037,1.030,1.052,1.064
"Fairfield, OH",42635,0.955,1.026,0.991,0.996,0.982,1.049,1.060,1.025,1.025,1.020,1.012,1.057,1.022,1.008,0.988,1.012,1.000,1.018
"Findlay, OH",41512,0.940,0.976,0.956,0.966,1.122,0.997,1.045,1.022,1.025,1.014,1.007,1.042,1.015,1.050,1.099,1.029,0.989,1.005
"Grove City, OH",37490,0.984,1.078,1.008,1.022,1.003,1.095,1.090,1.087,1.108,1.076,1.093,1.090,1.073,1.051,1.021,1.036,1.055,1.065
"Hamilton, OH",62258,0.955,1.026,0.991,0.996,0.982,1.049,1.060,1.025,1.025,1.020,1.012,1.057,1.022,1.008,0.988,1.012,1.000,1.018
"Huber Heights, OH",38142,0.937,1.026,1.000,0.990,0.976,0.999,1.025,0.978,0.977,0.992,1.012,1.024,0.988,0.986,0.983,0.981,1.020,1.009
"Kettering, OH",55870,0.937,1.026,1.000,0.990,0.976,0.999,1.025,0.978,0.977,0.992,1.012,1.024,0.988,0.986,0.983,0.981,1.020,1.009
"Lakewood, OH",51143,0.977,1.077,1.008,1.018,1.022,1.083,1.095,1.050,1.056,1.065,1.098,1.095,1.059,1.049,1.037,1.030,1.052,1.064
"Lancaster, OH",39325,0.984,1.078,1.008,1.022,1.003,1.095,1.090,1.087,1.108,1.076,1.093,1.090,1.073,1.051,1.021,1.036,1.055,1.065
"Lima, OH",38355,0.934,0.956,0.982,0.966,1.014,1.064,1.114,0.951,0.998,0.958,0.998,1.105,0.951,0.974,1.011,0.985,0.975,1.001
"Lorain, OH",63710,0.977,1.077,1.008,1.018,1.022,1.083,1.095,1.050,1.056,1.065,1.098,1.095,1.059,1.049,1.037,1.030,1.052,1.064
"Mansfield, OH",46454,0.905,0.959,0.969,0.964,0.964,0.982,0.982,0.953,0.982,0.957,0.982,0.982,0.953,0.958,0.968,0.952,0.980,0.994
"Mentor, OH",46979,0.977,1.077,1.008,1.018,1.022,1.083,1.095,1.050,1.056,1.065,1.098,1.095,1.059,1.049,1.037,1.030,1.052,1.064
"Middletown, OH",48630,0.955,1.026,0.991,0.996,0.982,1.049,1.060,1.025,1.025,1.020,1.012,1.057,1.022,1.008,0.988,1.012,1.000,1.018
"Newark, OH",47777,0.984,1.078,1.008,1.022,1.003,1.095,1.090,1.087,1.108,1.076,1.093,1.090,1.073,1.051,1.021,1.036,1.055,1.065
"Parma, OH",80429,1.040,1.077,1.008,1.018,1.022,1.083,1.095,1.050,1.056,1.065,1.098,1.095,1.059,1.049,1.037,1.030,1.052,1.064
"Springfield, OH",59357,0.925,0.991,0.969,0.936,0.946,1.102,1.050,0.965,0.991,0.969,0.991,1.045,0.965,0.960,0.955,0.975,0.991,0.986
"Strongsville, OH",44730,0.977,1.077,1.008,1.018,1.022,1.083,1.095,1.050,1.056,1.065,1.098,1.095,1.059,1.049,1.037,1.030,1.052,1.064
"Toledo, OH",282313,1.029,1.001,1.039,1.012,1.060,0.997,1.076,1.046,1.016,1.047,1.003,1.070,1.055,1.054,1.049,1.046,1.070,1.009
"Warren, OH",40768,0.949,1.047,0.970,0.968,0.951,1.066,1.031,1.020,1.045,0.987,0.976,1.026,0.989,0.976,0.956,0.993,0.979,0.976
"Westerville, OH",37530,0.984,1.078,1.008,1.022,1.003,1.095,1.090,1.087,1.108,1.076,1.093,1.090,1.073,1.051,1.021,1.036,1.055,1.065
"Youngstown, OH",65184,0.949,1.047,0.970,0.968,0.951,1.066,1.031,1.020,1.045,0.987,0.976,1.026,0.989,0.976,0.956,0.993,0.979,0.976
"Broken Arrow, OK",103500,0.940,0.951,0.918,0.952,0.957,0.928,0.927,0.934,0.943,0.931,0.939,0.928,0.929,0.939,0.953,0.941,0.911,0.937
"Edmond, OK",87004,0.947,0.956,0.966,0.924,0.951,0.977,0.918,0.928,0.923,0.920,0.900,0.917,0.924,0.932,0.941,0.951,0.975,0.904
"Enid, OK",50725,0.836,0.864,0.891,0.891,0.882,0.864,0.883,0.864,0.864,0.864,0.864,0.881,0.864,0.875,0.878,0.893,0.864,0.880
"Lawton, OK",97151,0.926,0.845,0.941,0.881,1.039,0.881,0.891,0.911,0.845,0.901,0.845,0.887,0.911,0.950,1.000,0.951,0.845,0.861
"Midwest City, OK",56756,0.890,0.956,0.966,0.924,0.951,0.977,0.918,0.928,0.923,0.920,0.900,0.917,0.924,0.932,0.941,0.951,0.975,0.904
"Moore, OK",58414,0.890,0.956,0.966,0.924,0.951,0.977,0.918,0.928,0.923,0.920,0.900,0.917,0.924,0.932,0.941,0.951,0.975,0.904
"Muskogee, OK",38863,0.890,0.956,0.966,0.924,0.951,0.977,0.918,0.928,0.923,0.920,0.900,0.917,0.924,0.932,0.941,0.951,0.975,0.904
"Norman, OK",118197,0.947,0.956,0.966,0.924,0.951,0.977,0.918,0.928,0.923,0.920,0.900,0.917,0.924,0.932,0.941,0.951,0.975,0.904
"Oklahoma City, OK",610613,0.947,0.956,0.966,0.924,0.951,0.977,0.918,0.928,0.923,0.920,0.900,0.917,0.924,0.932,0.941,0.951,0.975,0.904
"Stillwater, OK",47186,0.890,0.956,0.966,0.924,0.951,0.977,0.918,0.928,0.923,0.920,0.900,0.917,0.924,0.932,0.941,0.951,0.975,0.904
"Tulsa, OK",398121,0.940,0.951,0.918,0.952,0.957,0.928,0.927,0.934,0.943,0.931,0.939,0.928,0.929,0.939,0.953,0.941,0.911,0.937
"Albany, OR",51583,1.022,1.026,1.079,1.158,1.284,1.038,1.076,1.010,1.020,1.025,1.063,1.075,1.018,1.107,1.240,1.127,1.035,1.063
"Beaverton, OR",93542,1.199,1.144,1.162,1.325,1.340,1.087,1.175,1.162,1.160,1.146,1.121,1.170,1.151,1.212,1.297,1.252,1.169,1.126
"Bend, OR",81236,1.104,1.097,1.071,1.170,1.174,1.050,1.089,1.067,1.034,1.090,1.075,1.088,1.093,1.119,1.154,1.135,1.036,1.066
"Corvallis, OR",55298,1.059,1.037,1.123,1.136,1.291,1.031,1.054,1.105,1.037,1.094,1.037,1.053,1.105,1.163,1.240,1.171,1.037,1.036
"Eugene, OR",159190,1.106,1.026,1.073,1.243,1.197,1.029,1.089,1.091,1.081,1.080,1.046,1.086,1.086,1.121,1.167,1.165,1.049,1.042
"Gresham, OR",109397,1.199,1.144,1.162,1.325,1.340,1.087,1.175,1.162,1.160,1.146,1.121,1.170,1.151,1.212,1.297,1.252,1.169,1.126
"Hillsboro, OR",97368,1.199,1.144,1.162,1.325,1.340,1.087,1.175,1.162,1.160,1.146,1.121,1.170,1.151,1.212,1.297,1.252,1.169,1.126
"Keizer, OR",37064,1.022,1.026,1.079,1.158,1.284,1.038,1.076,1.010,1.020,1.025,1.063,1.075,1.018,1.107,1.240,1.127,1.035,1.063
"Lake Oswego, OR",37610,1.127,1.144,1.162,1.325,1.340,1.087,1.175,1.162,1.160,1.146,1.121,1.170,1.151,1.212,1.297,1.252,1.169,1.126
"Medford, OR",77677,1.077,1.020,1.065,1.149,1.171,1.031,1.089,1.042,1.014,1.065,1.055,1.087,1.066,1.100,1.148,1.117,1.015,1.050
"Portland, OR",609456,1.199,1.144,1.162,1.325,1.340,1.087,1.175,1.162,1.160,1.146,1.121,1.170,1.151,1.212,1.297,1.252,1.169,1.126
"Salem, OR",160614,1.088,1.030,1.095,1.169,1.188,1.042,1.112,1.021,1.044,1.025,1.068,1.108,1.018,1.076,1.164,1.102,1.041,1.064
"Springfield, OR",60177,1.040,1.026,1.073,1.243,1.197,1.029,1.089,1.091,1.081,1.080,1.046,1.086,1.086,1.121,1.167,1.165,1.049,1.042
"Tigard, OR",50444,1.127,1.144,1.162,1.325,1.340,1.087,1.175,1.162,1.160,1.146,1.121,1.170,1.151,1.212,1.297,1.252,1.169,1.126
"Allentown, PA",118577,1.053,1.039,1.062,1.043,1.046,1.038,1.053,1.077,1.084,1.055,1.032,1.051,1.059,1.054,1.044,1.054,1.087,1.038
"Altoona, PA",45796,0.915,0.953,0.961,0.970,0.965,0.984,0.992,1.010,0.977,1.005,0.977,0.991,1.010,0.994,0.968,0.989,0.977,0.978
"Bethlehem, PA",75018,1.053,1.039,1.062,1.043,1.046,1.038,1.053,1.077,1.084,1.055,1.032,1.051,1.059,1.054,1.044,1.054,1.087,1.038
"Erie, PA",100671,1.013,1.000,1.025,1.029,1.027,1.001,0.977,1.033,1.001,1.028,1.001,0.979,1.033,1.030,1.022,1.033,1.043,0.994
"Harrisburg, PA",49188,0.981,1.006,1.039,1.066,1.074,1.056,1.050,1.030,1.027,1.029,1.027,1.048,1.030,1.044,1.064,1.061,1.024,1.027
"Lancaster, PA",59325,0.958,1.010,1.022,1.021,1.009,1.023,1.051,1.017,1.045,1.003,1.026,1.049,0.999,1.004,1.012,1.006,1.026,1.027
"Philadelphia, PA",1553165,1.090,1.109,1.084,1.091,1.092,1.085,1.082,1.099,1.109,1.082,1.073,1.082,1.084,1.086,1.089,1.092,1.146,1.057
"Pittsburgh, PA",305841,1.043,1.018,1.024,1.057,1.025,1.032,1.080,1.079,1.080,1.062,1.037,1.077,1.066,1.051,1.027,1.053,1.043,1.028
"Reading, PA",87893,1.039,1.070,1.052,1.026,1.025,1.026,1.070,0.991,1.027,0.996,1.027,1.067,0.991,1.004,1.026,1.009,1.081,1.034
"Scranton, PA",75806,1.029,1.022,1.052,1.002,1.034,1.013,1.025,1.063,1.063,1.047,1.021,1.024,1.051,1.044,1.031,1.032,1.101,1.020
"State College, PA",41757,0.968,1.066,0.983,1.028,0.981,1.071,1.068,1.078,1.118,1.085,1.118,1.072,1.078,1.049,1.009,1.022,1.118,1.104
"Wilkes-Barre, PA",41108,0.989,1.039,1.062,1.043,1.046,1.038,1.053,1.077,1.084,1.055,1.032,1.051,1.059,1.054,1.044,1.054,1.087,1.038
"York, PA",43935,0.988,1.041,1.041,1.027,1.038,1.075,1.066,1.072,1.071,1.054,1.026,1.063,1.059,1.051,1.036,1.057,1.052,1.032
"Cranston, RI",80566,1.084,1.099,1.030,1.130,1.087,1.065,1.120,1.112,1.141,1.110,1.155,1.122,1.102,1.100,1.101,1.082,1.049,1.109
"East Providence, RI",47149,1.019,1.099,1.030,1.130,1.087,1.065,1.120,1.112,1.141,1.110,1.155,1.122,1.102,1.100,1.101,1.082,1.049,1.109
"Pawtucket, RI",71172,1.019,1.099,1.030,1.130,1.087,1.065,1.120,1.112,1.141,1.110,1.155,1.122,1.102,1.100,1.101,1.082,1.049,1.109
"Providence, RI",177994,1.084,1.099,1.030,1.130,1.087,1.065,1.120,1.112,1.141,1.110,1.155,1.122,1.102,1.100,1.101,1.082,1.049,1.109
"Warwick, RI",81971,1.084,1.099,1.030,1.130,1.087,1.065,1.120,1.112,1.141,1.110,1.155,1.122,1.102,1.100,1.101,1.082,1.049,1.109
"Woonsocket, RI",41026,1.019,1.099,1.030,1.130,1.087,1.065,1.120,1.112,1.141,1.110,1.155,1.122,1.102,1.100,1.101,1.082,1.049,1.109
"Charleston, SC",127999,0.951,0.949,0.951,0.949,0.945,0.974,0.951,0.928,0.894,0.959,0.952,0.951,0.960,0.955,0.946,0.958,0.915,0.961
"Columbia, SC",133358,0.937,0.935,0.943,0.895,0.970,0.958,0.937,0.912,0.897,0.924,0.920,0.935,0.925,0.939,0.960,0.937,0.902,0.939
"Florence, SC",37792,0.858,0.886,0.932,0.903,0.891,0.886,0.882,0.919,0.886,0.914,0.886,0.882,0.919,0.908,0.890,0.914,0.886,0.912
"Goose Creek, SC",39823,0.893,0.949,0.950,0.949,0.945,0.974,0.950,0.928,0.894,0.959,0.951,0.950,0.960,0.955,0.946,0.958,0.915,0.961
"Greenville, SC",61397,0.884,0.927,0.919,0.945,0.977,0.893,0.942,0.944,0.954,0.942,0.954,0.943,0.940,0.953,0.973,0.937,0.846,0.971
"Hilton Head Island, SC",39412,0.884,0.977,0.936,0.921,0.880,0.978,0.955,0.944,0.955,0.949,0.974,0.956,0.945,0.925,0.899,0.918,0.965,0.967
"Mount Pleasant, SC",74885,0.893,0.949,0.950,0.949,0.945,0.974,0.950,0.928,0.894,0.959,0.951,0.950,0.960,0.955,0.946,0.958,0.915,0.961
"North Charleston, SC",104054,0.951,0.949,0.951,0.949,0.945,0.974,0.951,0.928,0.894,0.959,0.952,0.951,0.960,0.955,0.946,0.958,0.915,0.961
"Rock Hill, SC",69103,0.902,0.965,0.957,0.946,0.938,0.960,0.955,0.967,0.968,0.966,0.964,0.955,0.966,0.957,0.943,0.951,0.941,0.983
"Spartanburg, SC",37647,0.893,0.921,0.969,0.949,0.982,0.900,0.945,0.936,0.916,0.933,0.916,0.943,0.936,0.950,0.969,0.951,0.946,0.959
"Summerville, SC",46074,0.893,0.949,0.950,0.949,0.945,0.974,0.950,0.928,0.894,0.959,0.951,0.950,0.960,0.955,0.946,0.958,0.915,0.961
"Sumter, SC",41190,0.857,0.848,0.875,0.935,0.955,0.874,0.885,0.923,0.885,0.918,0.885,0.885,0.923,0.932,0.941,0.936,0.824,0.912
"Rapid City, SD",70812,0.924,0.974,1.001,0.982,0.987,0.981,1.017,0.959,0.974,0.963,0.994,1.016,0.958,0.969,0.988,0.968,1.017,1.020
"Sioux Falls, SD",164676,0.959,0.964,0.968,0.937,0.972,0.972,0.936,0.945,0.963,0.941,0.964,0.939,0.937,0.950,0.970,0.947,0.921,0.971
"Bartlett, TN",58226,0.860,0.888,0.907,0.964,0.946,0.874,0.899,0.914,0.897,0.925,0.917,0.900,0.927,0.933,0.940,0.935,0.907,0.931
"Brentwood, TN",40021,0.860,0.888,0.907,0.964,0.946,0.874,0.899,0.914,0.897,0.925,0.917,0.900,0.927,0.933,0.940,0.935,0.907,0.931
"Chattanooga, TN",173366,0.923,0.897,0.908,0.931,0.947,0.932,0.916,0.929,0.903,0.925,0.903,0.915,0.929,0.934,0.939,0.943,0.901,0.923
"Clarksville, TN",142357,0.919,0.905,0.863,0.968,0.940,0.902,0.923,0.931,0.915,0.928,0.915,0.923,0.931,0.933,0.935,0.943,0.898,0.930
"Cleveland, TN",42774,0.872,0.916,0.896,0.974,0.947,0.867,0.923,0.926,0.916,0.925,0.916,0.923,0.926,0.933,0.941,0.936,0.916,0.937
"Collierville, TN",47333,0.860,0.888,0.907,0.964,0.946,0.874,0.899,0.914,0.897,0.925,0.917,0.900,0.927,0.933,0.940,0.935,0.907,0.931
"Franklin, TN",68886,0.914,0.963,0.993,0.979,0.979,0.950,0.949,0.980,0.964,0.989,0.979,0.952,0.991,0.986,0.979,0.978,0.990,0.984
"Germantown, TN",39375,0.860,0.888,0.907,0.964,0.946,0.874,0.899,0.914,0.897,0.925,0.917,0.900,0.927,0.933,0.940,0.935,0.907,0.931
"Hendersonville, TN",54068,0.914,0.963,0.993,0.979,0.979,0.950,0.949,0.980,0.964,0.989,0.979,0.952,0.991,0.986,0.979,0.978,0.990,0.984
"Jackson, TN",67685,0.864,0.890,0.972,0.900,0.927,0.885,0.895,0.928,0.899,0.924,0.899,0.896,0.928,0.927,0.922,0.918,0.962,0.922
"Johnson City, TN",65123,0.860,0.888,0.907,0.964,0.946,0.874,0.899,0.914,0.897,0.925,0.917,0.900,0.927,0.933,0.940,0.935,0.907,0.931
"Kingsport, TN",52962,0.861,0.889,0.908,0.965,0.947,0.875,0.900,0.915,0.898,0.926,0.918,0.901,0.928,0.934,0.941,0.936,0.908,0.932
"Knoxville, TN",183270,0.929,0.921,0.906,0.969,0.920,0.921,0.933,0.950,0.951,0.958,0.970,0.936,0.956,0.945,0.930,0.937,0.934,0.969
"Memphis, TN",653450,0.940,0.941,0.906,0.955,0.949,0.911,0.951,0.958,0.953,0.957,0.953,0.951,0.958,0.955,0.950,0.945,0.890,0.962
"Murfreesboro, TN",117044,0.973,0.963,0.993,0.979,0.979,0.950,0.949,0.980,0.964,0.989,0.979,0.952,0.991,0.986,0.979,0.978,0.990,0.984
"Nashville, TN",634464,0.973,0.963,0.993,0.979,0.979,0.950,0.949,0.980,0.964,0.989,0.979,0.952,0.991,0.986,0.979,0.978,0.990,0.984
"Smyrna, TN",43060,0.914,0.963,0.993,0.979,0.979,0.950,0.949,0.980,0.964,0.989,0.979,0.952,0.991,0.986,0.979,0.978,0.990,0.984
"Abilene, TX",120099,0.860,0.876,0.873,0.862,0.849,0.860,0.893,0.820,0.864,0.827,0.864,0.891,0.820,0.832,0.852,0.837,0.884,0.867
"Allen, TX",92020,0.987,0.979,0.998,0.994,0.970,0.971,0.957,0.980,0.989,0.954,0.930,0.955,0.959,0.961,0.962,0.984,0.971,0.956
"Amarillo, TX",196429,0.883,0.855,0.879,0.871,0.868,0.893,0.891,0.910,0.916,0.887,0.861,0.889,0.892,0.883,0.866,0.889,0.871,0.879
"Arlington, TX",379577,0.987,0.979,0.998,0.994,0.970,0.971,0.957,0.980,0.989,0.954,0.930,0.955,0.959,0.961,0.962,0.984,0.971,0.956
"Austin, TX",885400,0.959,0.950,0.977,0.967,0.939,0.939,0.916,0.950,0.958,0.923,0.894,0.914,0.929,0.930,0.930,0.957,0.958,0.920
"Beaumont, TX",117796,0.924,0.854,0.908,0.940,0.934,0.907,0.902,0.922,0.854,0.912,0.854,0.899,0.922,0.923,0.918,0.948,0.854,0.873
"Brownsville, TX",181860,0.825,0.814,0.823,0.836,0.821,0.846,0.818,0.808,0.814,0.809,0.814,0.818,0.808,0.813,0.819,0.827,0.814,0.813
"Carrollton, TX",126700,0.987,0.979,0.998,0.994,0.970,0.971,0.957,0.980,0.989,0.954,0.930,0.955,0.959,0.961,0.962,0.984,0.971,0.956
"College Station, TX",100050,0.889,0.894,0.903,0.910,0.864,0.859,0.841,0.890,0.851,0.884,0.851,0.841,0.890,0.879,0.861,0.893,0.851,0.860
"Corpus Christi, TX",316381,0.909,0.876,0.935,0.933,0.908,0.906,0.906,0.908,0.868,0.901,0.868,0.903,0.908,0.906,0.900,0.927,0.962,0.865
"Dallas, TX",1257676,0.987,0.979,0.998,0.994,0.970,0.971,0.957,0.980,0.989,0.954,0.930,0.955,0.959,0.961,0.962,0.984,0.971,0.956
"Denton, TX",123099,0.987,0.979,0.998,0.994,0.970,0.971,0.957,0.980,0.989,0.954,0.930,0.955,0.959,0.961,0.962,0.984,0.971,0.956
"El Paso, TX",674433,0.852,0.836,0.858,0.857,0.838,0.841,0.859,0.867,0.894,0.839,0.840,0.857,0.839,0.839,0.839,0.844,0.862,0.844
"Fort Worth, TX",792727,0.987,0.979,0.998,0.994,0.970,0.971,0.957,0.980,0.989,0.954,0.930,0.955,0.959,0.961,0.962,0.984,0.971,0.956
"Frisco, TX",136791,0.987,0.979,0.998,0.994,0.970,0.971,0.957,0.980,0.989,0.954,0.930,0.955,0.959,0.961,0.962,0.984,0.971,0.956
"Garland, TX",234566,0.987,0.979,0.998,0.994,0.970,0.971,0.957,0.980,0.989,0.954,0.930,0.955,0.959,0.961,0.962,0.984,0.971,0.956
"Grand Prairie, TX",183372,0.987,0.979,0.998,0.994,0.970,0.971,0.957,0.980,0.989,0.954,0.930,0.955,0.959,0.961,0.962,0.984,0.971,0.956
"Houston, TX",2195914,0.974,0.946,0.988,0.981,0.970,0.964,0.939,0.970,0.975,0.945,0.914,0.937,0.951,0.955,0.959,0.980,0.951,0.939
"Irving, TX",228653,0.987,0.979,0.998,0.994,0.970,0.971,0.957,0.980,0.989,0.954,0.930,0.955,0.959,0.961,0.962,0.984,0.971,0.956
"Killeen, TX",137147,0.867,0.861,0.864,0.869,0.847,0.866,0.862,0.868,0.851,0.872,0.850,0.862,0.876,0.866,0.848,0.871,0.868,0.875
"Laredo, TX",248142,0.836,0.796,0.844,0.835,0.821,0.796,0.779,0.874,0.796,0.862,0.796,0.780,0.874,0.853,0.816,0.865,0.796,0.807
"League City, TX",90983,0.974,0.946,0.988,0.981,0.970,0.964,0.939,0.970,0.975,0.945,0.914,0.937,0.951,0.955,0.959,0.980,0.951,0.939
"Lewisville, TX",101074,0.987,0.979,0.998,0.994,0.970,0.971,0.957,0.980,0.989,0.954,0.930,0.955,0.959,0.961,0.962,0.984,0.971,0.956
"Lubbock, TX",239538,0.858,0.851,0.866,0.862,0.847,0.856,0.881,0.844,0.855,0.846,0.855,0.879,0.844,0.845,0.848,0.850,0.861,0.862
"McAllen, TX",136639,0.842,0.830,0.847,0.827,0.818,0.865,0.798,0.860,0.874,0.827,0.797,0.798,0.832,0.826,0.814,0.845,0.831,0.809
"McKinney, TX",148559,0.987,0.979,0.998,0.994,0.970,0.971,0.957,0.980,0.989,0.954,0.930,0.955,0.959,0.961,0.962,0.984,0.971,0.956
"Mesquite, TX",143484,0.987,0.979,0.998,0.994,0.970,0.971,0.957,0.980,0.989,0.954,0.930,0.955,0.959,0.961,0.962,0.984,0.971,0.956
"Midland, TX",123933,0.941,0.911,0.955,0.925,0.945,0.971,0.907,0.922,0.911,0.920,0.911,0.907,0.922,0.929,0.938,0.944,0.911,0.931
"Odessa, TX",110720,0.908,0.903,0.900,0.893,0.875,0.937,0.921,0.911,0.890,0.910,0.875,0.917,0.916,0.901,0.875,0.915,0.920,0.896
"Pasadena, TX",152735,0.974,0.946,0.988,0.981,0.970,0.964,0.939,0.970,0.975,0.945,0.914,0.937,0.951,0.955,0.959,0.980,0.951,0.939
"Pearland, TX",100065,0.974,0.946,0.988,0.981,0.970,0.964,0.939,0.970,0.975,0.945,0.914,0.937,0.951,0.955,0.959,0.980,0.951,0.939
"Plano, TX",274409,0.987,0.979,0.998,0.994,0.970,0.971,0.957,0.980,0.989,0.954,0.930,0.955,0.959,0.961,0.962,0.984,0.971,0.956
"Richardson, TX",104475,0.987,0.979,0.998,0.994,0.970,0.971,0.957,0.980,0.989,0.954,0.930,0.955,0.959,0.961,0.962,0.984,0.971,0.956
"Round Rock, TX",109821,0.959,0.950,0.977,0.967,0.939,0.939,0.916,0.950,0.958,0.923,0.894,0.914,0.929,0.930,0.930,0.957,0.958,0.920
"San Angelo, TX",97492,0.869,0.851,0.888,0.862,0.845,0.897,0.841,0.868,0.851,0.865,0.851,0.842,0.868,0.859,0.846,0.871,0.851,0.857
"San Antonio, TX",1409019,0.920,0.896,0.922,0.937,0.889,0.917,0.902,0.922,0.922,0.903,0.874,0.900,0.908,0.900,0.886,0.924,0.910,0.887
"Sugar Land, TX",83860,0.974,0.946,0.988,0.981,0.970,0.964,0.939,0.970,0.975,0.945,0.914,0.937,0.951,0.955,0.959,0.980,0.951,0.939
"Tyler, TX",100223,0.878,0.863,0.880,0.885,0.861,0.867,0.893,0.882,0.855,0.889,0.859,0.890,0.895,0.882,0.861,0.887,0.863,0.867
"Waco, TX",129030,0.904,0.920,0.874,0.936,0.854,0.913,0.867,0.904,0.918,0.882,0.870,0.867,0.885,0.874,0.857,0.903,0.872,0.889
"Wichita Falls, TX",104898,0.854,0.841,0.860,0.859,0.840,0.903,0.835,0.822,0.838,0.824,0.838,0.836,0.822,0.829,0.840,0.852,0.842,0.843
"Bountiful, UT",43023,0.955,1.008,0.990,1.028,1.000,0.990,1.041,1.045,1.034,1.034,1.000,1.038,1.040,1.025,1.000,1.026,1.015,1.006
"Draper, UT",45285,0.955,1.008,0.990,1.028,1.000,0.990,1.041,1.045,1.034,1.034,1.000,1.038,1.040,1.025,1.000,1.026,1.015,1.006
"Layton, UT",70790,0.929,0.995,0.996,0.999,0.976,0.994,0.984,0.966,0.978,0.966,0.987,0.984,0.963,0.968,0.978,0.978,1.002,0.996
"Lehi, UT",54382,0.895,0.989,0.931,0.914,0.964,0.946,0.969,0.967,0.981,0.965,0.983,0.970,0.962,0.964,0.968,0.938,0.979,0.987
"Logan, UT",48913,0.894,0.981,0.930,0.960,0.959,0.917,0.975,0.941,0.968,0.937,0.972,0.975,0.931,0.942,0.962,0.932,0.972,0.972
"Murray, UT",48612,0.955,1.008,0.990,1.028,1.000,0.990,1.041,1.045,1.034,1.034,1.000,1.038,1.040,1.025,1.000,1.026,1.015,1.006
"Ogden, UT",84249,0.988,0.995,0.996,0.999,0.976,0.994,0.984,0.966,0.978,0.966,0.987,0.984,0.963,0.968,0.978,0.978,1.002,0.996
"Orem, UT",91648,0.952,0.989,0.931,0.914,0.964,0.946,0.969,0.967,0.981,0.965,0.983,0.970,0.962,0.964,0.968,0.938,0.979,0.987
"Provo, UT",116288,0.952,0.989,0.931,0.914,0.964,0.946,0.969,0.967,0.981,0.965,0.983,0.970,0.962,0.964,0.968,0.938,0.979,0.987
"Riverton, UT",40921,0.955,1.008,0.990,1.028,1.000,0.990,1.041,1.045,1.034,1.034,1.000,1.038,1.040,1.025,1.000,1.026,1.015,1.006
"Roy, UT",37733,0.929,0.995,0.996,0.999,0.976,0.994,0.984,0.966,0.978,0.966,0.987,0.984,0.963,0.968,0.978,0.978,1.002,0.996
"Salt Lake City, UT",191180,0.988,0.994,0.996,0.999,0.976,0.994,0.984,0.966,0.978,0.966,0.987,0.984,0.963,0.968,0.978,0.978,1.002,0.996
"Sandy, UT",90231,1.016,1.008,0.990,1.028,1.000,0.990,1.041,1.045,1.034,1.034,1.000,1.038,1.040,1.025,1.000,1.026,1.015,1.006
"South Jordan, UT",59366,0.955,1.008,0.990,1.028,1.000,0.990,1.041,1.045,1.034,1.034,1.000,1.038,1.040,1.025,1.000,1.026,1.015,1.006
"Spanish Fork, UT",36956,0.895,0.989,0.931,0.914,0.964,0.946,0.969,0.967,0.981,0.965,0.983,0.970,0.962,0.964,0.968,0.938,0.979,0.987
"St. George, UT",76817,0.951,0.957,0.951,0.957,0.934,0.894,0.997,0.953,0.972,0.948,0.970,0.995,0.944,0.942,0.941,0.926,0.913,0.960
"Taylorsville, UT",60519,0.955,1.008,0.990,1.028,1.000,0.990,1.041,1.045,1.034,1.034,1.000,1.038,1.040,1.025,1.000,1.026,1.015,1.006
"West Jordan, UT",110077,1.016,1.008,0.990,1.028,1.000,0.990,1.041,1.045,1.034,1.034,1.000,1.038,1.040,1.025,1.000,1.026,1.015,1.006
"West Valley City, UT",133579,1.016,1.008,0.990,1.028,1.000,0.990,1.041,1.045,1.034,1.034,1.000,1.038,1.040,1.025,1.000,1.026,1.015,1.006
"Burlington, VT",42284,0.967,0.997,1.023,1.011,0.988,1.021,1.044,1.046,0.991,1.063,1.004,1.041,1.074,1.043,0.991,1.040,0.992,1.036
"Alexandria, VA",148892,1.091,1.089,1.122,1.049,1.126,1.049,1.022,1.081,1.067,1.069,1.029,1.023,1.076,1.090,1.106,1.090,1.044,1.059
"Blacksburg, VA",43609,0.866,0.882,0.910,0.901,0.948,0.921,0.921,0.918,0.909,0.917,0.909,0.920,0.918,0.928,0.941,0.925,0.864,0.939
"Charlottesville, VA",44349,0.920,0.991,1.012,0.935,0.986,0.944,0.965,0.975,0.958,0.976,0.950,0.964,0.980,0.981,0.979,0.969,0.950,0.964
"Chesapeake, VA",230571,0.968,0.966,1.002,0.970,0.965,0.935,0.915,0.945,0.941,0.929,0.899,0.914,0.935,0.943,0.952,0.965,0.968,0.926
"Danville, VA",42907,0.891,0.944,0.969,0.923,0.974,0.897,0.921,0.945,0.940,0.937,0.918,0.921,0.941,0.951,0.963,0.941,0.935,0.946
"Hampton, VA",136699,0.948,0.944,0.969,0.923,0.974,0.897,0.921,0.945,0.940,0.937,0.918,0.921,0.941,0.951,0.963,0.941,0.935,0.946
"Harrisonburg, VA",51395,0.891,0.944,0.969,0.923,0.974,0.897,0.921,0.945,0.940,0.937,0.918,0.921,0.941,0.951,0.963,0.941,0.935,0.946
"Leesburg, VA",47673,1.026,1.089,1.122,1.049,1.126,1.049,1.022,1.081,1.067,1.069,1.029,1.023,1.076,1.090,1.106,1.090,1.044,1.059
"Lynchburg, VA",78014,0.917,0.898,0.954,0.897,0.952,0.881,0.839,0.919,0.912,0.911,0.887,0.842,0.916,0.926,0.939,0.921,0.917,0.924
"Manassas, VA",41705,1.026,1.089,1.122,1.049,1.126,1.049,1.022,1.081,1.067,1.069,1.029,1.023,1.076,1.090,1.106,1.090,1.044,1.059
"Newport News, VA",182020,0.948,0.944,0.969,0.923,0.974,0.897,0.921,0.945,0.940,0.937,0.918,0.921,0.941,0.951,0.963,0.941,0.935,0.946
"Norfolk, VA",246139,0.968,0.966,1.002,0.970,0.965,0.935,0.915,0.945,0.941,0.929,0.899,0.914,0.935,0.943,0.952,0.965,0.968,0.926
"Portsmouth, VA",96205,0.948,0.944,0.969,0.923,0.974,0.897,0.921,0.945,0.940,0.937,0.918,0.921,0.941,0.951,0.963,0.941,0.935,0.946
"Richmond, VA",214114,0.961,0.944,0.983,0.963,0.960,0.924,0.923,0.947,0.940,0.934,0.901,0.921,0.940,0.945,0.949,0.961,0.938,0.936
"Roanoke, VA",98465,0.918,0.938,0.905,0.892,0.934,0.883,0.903,0.918,0.914,0.910,0.891,0.902,0.913,0.919,0.926,0.912,0.892,0.918
"Suffolk, VA",85728,0.948,0.944,0.969,0.923,0.974,0.897,0.921,0.945,0.940,0.937,0.918,0.921,0.941,0.951,0.963,0.941,0.935,0.946
"Virginia Beach, VA",448479,0.968,0.966,1.002,0.970,0.965,0.935,0.915,0.945,0.941,0.929,0.899,0.914,0.935,0.943,0.952,0.965,0.968,0.926
"Auburn, WA",74860,1.173,1.214,1.279,1.244,1.342,1.166,1.233,1.267,1.263,1.237,1.183,1.229,1.247,1.275,1.310,1.274,1.331,1.176
"Bellevue, WA",133992,1.248,1.214,1.279,1.244,1.342,1.166,1.233,1.267,1.263,1.237,1.183,1.229,1.247,1.275,1.310,1.274,1.331,1.176
"Bellingham, WA",82631,1.167,1.140,1.167,1.163,1.226,1.134,1.182,1.200,1.181,1.193,1.150,1.180,1.200,1.206,1.211,1.196,1.237,1.143
"Bremerton, WA",39056,1.085,1.137,1.135,1.145,1.138,1.167,1.192,1.159,1.161,1.129,1.086,1.184,1.136,1.135,1.128,1.162,1.149,1.107
"Burien, WA",49858,1.173,1.214,1.279,1.244,1.342,1.166,1.233,1.267,1.263,1.237,1.183,1.229,1.247,1.275,1.310,1.274,1.331,1.176
"Edmonds, WA",40727,1.173,1.214,1.279,1.244,1.342,1.166,1.233,1.267,1.263,1.237,1.183,1.229,1.247,1.275,1.310,1.274,1.331,1.176
"Everett, WA",105370,1.248,1.214,1.279,1.244,1.342,1.166,1.233,1.267,1.263,1.237,1.183,1.229,1.247,1.275,1.310,1.274,1.331,1.176
"Federal Way, WA",92734,1.248,1.214,1.279,1.244,1.342,1.166,1.233,1.267,1.263,1.237,1.183,1.229,1.247,1.275,1.310,1.274,1.331,1.176
"Kennewick, WA",76762,1.231,1.194,1.255,1.337,1.394,1.077,1.187,1.185,1.143,1.198,1.152,1.184,1.207,1.265,1.346,1.287,1.326,1.139
"Kent, WA",124435,1.248,1.214,1.279,1.244,1.342,1.166,1.233,1.267,1.263,1.237,1.183,1.229,1.247,1.275,1.310,1.274,1.331,1.176
"Kirkland, WA",84430,1.248,1.214,1.279,1.244,1.342,1.166,1.233,1.267,1.263,1.237,1.183,1.229,1.247,1.275,1.310,1.274,1.331,1.176
"Lacey, WA",44919,1.098,1.152,1.181,1.168,1.216,1.147,1.192,1.153,1.112,1.147,1.112,1.186,1.153,1.172,1.195,1.186,1.268,1.125
"Lakewood, WA",59097,1.097,1.140,1.167,1.163,1.226,1.134,1.182,1.200,1.181,1.193,1.150,1.180,1.200,1.206,1.211,1.196,1.237,1.143
"Marysville, WA",63269,1.173,1.214,1.279,1.244,1.342,1.166,1.233,1.267,1.263,1.237,1.183,1.229,1.247,1.275,1.310,1.274,1.331,1.176
"Olympia, WA",48338,1.098,1.152,1.181,1.168,1.216,1.147,1.192,1.153,1.112,1.147,1.112,1.186,1.153,1.172,1.195,1.186,1.268,1.125
"Pasco, WA",67599,1.097,1.140,1.167,1.163,1.226,1.134,1.182,1.200,1.181,1.193,1.150,1.180,1.200,1.206,1.211,1.196,1.237,1.143
"Puyallup, WA",38609,1.173,1.214,1.279,1.244,1.342,1.166,1.233,1.267,1.263,1.237,1.183,1.229,1.247,1.275,1.310,1.274,1.331,1.176
"Redmond, WA",57530,1.173,1.214,1.279,1.244,1.342,1.166,1.233,1.267,1.263,1.237,1.183,1.229,1.247,1.275,1.310,1.274,1.331,1.176
"Renton, WA",97003,1.248,1.214,1.279,1.244,1.342,1.166,1.233,1.267,1.263,1.237,1.183,1.229,1.247,1.275,1.310,1.274,1.331,1.176
"Richland, WA",52413,1.157,1.194,1.255,1.337,1.394,1.077,1.187,1.185,1.143,1.198,1.152,1.184,1.207,1.265,1.346,1.287,1.326,1.139
"Sammamish, WA",50169,1.173,1.214,1.279,1.244,1.342,1.166,1.233,1.267,1.263,1.237,1.183,1.229,1.247,1.275,1.310,1.274,1.331,1.176
"Seattle, WA",652405,1.248,1.214,1.279,1.244,1.342,1.166,1.233,1.267,1.263,1.237,1.183,1.229,1.247,1.275,1.310,1.274,1.331,1.176
"Shoreline, WA",54790,1.173,1.214,1.279,1.244,1.342,1.166,1.233,1.267,1.263,1.237,1.183,1.229,1.247,1.275,1.310,1.274,1.331,1.176
"Spokane, WA",210721,1.125,1.113,1.091,1.130,1.161,1.126,1.132,1.131,1.152,1.094,1.070,1.127,1.098,1.117,1.143,1.141,1.099,1.071
"Spokane Valley, WA",91113,1.125,1.113,1.091,1.130,1.161,1.126,1.132,1.131,1.152,1.094,1.070,1.127,1.098,1.117,1.143,1.141,1.099,1.071
"Tacoma, WA",203446,1.248,1.214,1.279,1.244,1.342,1.166,1.233,1.267,1.263,1.237,1.183,1.229,1.247,1.275,1.310,1.274,1.331,1.176
"Vancouver, WA",167405,1.199,1.144,1.162,1.325,1.340,1.087,1.175,1.162,1.160,1.146,1.121,1.170,1.151,1.212,1.297,1.252,1.169,1.126
"Yakima, WA",93257,1.116,1.129,1.126,1.048,1.171,1.052,1.173,1.120,1.086,1.117,1.058,1.164,1.128,1.139,1.149,1.120,1.154,1.056
"Charleston, WV",50821,0.884,0.987,0.955,0.882,0.985,0.966,0.948,0.943,0.950,0.944,0.950,0.948,0.943,0.957,0.978,0.939,1.011,0.937
"Huntington, WV",49177,0.895,0.933,0.955,0.913,0.971,0.954,0.976,1.012,1.055,0.958,0.944,0.974,0.961,0.963,0.966,0.953,1.040,0.929
"Appleton, WI",73596,1.008,1.083,1.045,1.178,1.018,1.022,1.094,1.072,1.089,1.075,1.089,1.093,1.072,1.055,1.032,1.073,1.126,1.087
"Beloit, WI",36888,1.019,1.004,1.031,1.089,1.136,1.012,1.143,1.217,1.067,1.194,1.067,1.137,1.217,1.184,1.123,1.153,1.067,1.061
"Brookfield, WI",37999,1.016,1.052,1.073,1.151,1.104,1.030,1.147,1.072,1.070,1.078,1.086,1.142,1.077,1.086,1.100,1.094,1.133,1.067
"Eau Claire, WI",67545,0.995,1.023,1.051,1.157,1.074,1.033,1.056,1.047,1.050,1.043,1.042,1.055,1.043,1.054,1.068,1.085,1.089,1.031
"Fond du Lac, WI",42970,0.998,1.072,1.014,1.100,1.117,1.030,1.081,1.059,1.072,1.061,1.072,1.080,1.059,1.079,1.108,1.077,1.072,1.048
"Green Bay, WI",104779,1.072,1.079,1.046,1.144,1.078,1.025,1.074,1.054,1.054,1.054,1.054,1.073,1.054,1.062,1.073,1.081,1.095,1.046
"Greenfield, WI",37159,1.016,1.052,1.073,1.151,1.104,1.030,1.147,1.072,1.070,1.078,1.086,1.142,1.077,1.086,1.100,1.094,1.133,1.067
"Janesville, WI",63820,1.019,1.004,1.031,1.089,1.136,1.012,1.143,1.217,1.067,1.194,1.067,1.137,1.217,1.184,1.123,1.153,1.067,1.061
"Kenosha, WI",99889,1.128,1.080,1.085,1.230,1.130,1.051,1.130,1.102,1.080,1.098,1.080,1.126,1.102,1.110,1.120,1.144,1.080,1.085
"La Crosse, WI",51522,0.992,1.052,1.022,1.121,1.094,1.003,1.068,1.044,1.062,1.047,1.062,1.067,1.044,1.061,1.088,1.067,1.046,1.049
"Madison, WI",243344,1.106,1.079,1.082,1.266,1.105,1.044,1.096,1.069,1.062,1.070,1.062,1.093,1.072,1.082,1.097,1.138,1.145,1.060
"Milwaukee, WI",599164,1.080,1.052,1.073,1.151,1.104,1.030,1.147,1.072,1.070,1.078,1.086,1.142,1.077,1.086,1.100,1.094,1.133,1.067
"New Berlin, WI",39834,1.016,1.052,1.073,1.151,1.104,1.030,1.147,1.072,1.070,1.078,1.086,1.142,1.077,1.086,1.100,1.094,1.133,1.067
"Oshkosh, WI",66778,1.013,0.999,1.018,1.135,1.097,1.018,1.080,1.229,1.069,1.204,1.069,1.080,1.229,1.178,1.091,1.163,1.014,1.075
"Racine, WI",78199,1.061,1.064,1.034,1.102,1.131,0.991,1.067,1.027,1.034,1.028,1.034,1.065,1.027,1.061,1.111,1.069,1.034,1.024
"Sheboygan, WI",48725,0.989,0.992,1.056,1.076,1.091,1.006,1.070,1.064,1.047,1.051,1.006,1.065,1.059,1.067,1.074,1.077,1.089,1.047
"Waukesha, WI",71016,1.016,1.052,1.073,1.151,1.104,1.030,1.147,1.072,1.070,1.078,1.086,1.142,1.077,1.086,1.100,1.094,1.133,1.067
"Wausau, WI",39309,0.978,1.003,1.027,1.132,1.104,1.017,1.081,0.964,1.036,0.975,1.036,1.077,0.964,1.013,1.090,1.045,1.053,1.037
"Wauwatosa, WI",47134,1.016,1.052,1.073,1.151,1.104,1.030,1.147,1.072,1.070,1.078,1.086,1.142,1.077,1.086,1.100,1.094,1.133,1.067
"West Allis, WI",60697,1.016,1.052,1.073,1.151,1.104,1.030,1.147,1.072,1.070,1.078,1.086,1.142,1.077,1.086,1.100,1.094,1.133,1.067
"Casper, WY",59628,0.924,0.947,0.984,0.979,1.013,0.965,1.017,0.945,0.947,0.946,0.947,1.012,0.945,0.967,1.000,0.979,0.947,0.950
"Cheyenne, WY",62448,0.917,0.927,0.964,0.982,1.055,0.957,0.976,0.976,0.952,0.972,0.952,0.974,0.976,1.001,1.035,1.003,0.924,0.969